sorgente,rete_previsione,posizione,tipo_giorno,periodo_da,orario,giorni_mask,programma_listino
publitalia_listino,CAN5,ENTERTAINMENT: Produzione preserale 19:20,weekend,2025-01-05,19:20,,Produzione preserale 19:20
publitalia_listino,CAN5,ENTERTAINMENT: Produzione preserale 19:20,tutti,2026-06-28,19:20,,Produzione preserale 19:20
publitalia_listino,CAN5,ENTERTAINMENT: Produzione preserale 19:20,weekend,2025-06-29,19:20,,Produzione preserale 19:20
publitalia_listino,CAN5,ENTERTAINMENT: Produzione preserale 19:20,tutti,2026-01-04,19:20,,Produzione preserale 19:20
publitalia_listino,CAN5,ENTERTAINMENT: Produzione preserale 19:20,tutti,2025-06-29,19:20,,Produzione preserale 19:20
publitalia_listino,CAN5,ENTERTAINMENT: Produzione preserale 19:20,weekend,2026-01-04,19:20,,Produzione preserale 19:20
publitalia_listino,CAN5,ENTERTAINMENT: Produzione preserale 19:20,tutti,2025-01-05,19:20,,Produzione preserale 19:20
publitalia_listino,CAN5,ENTERTAINMENT: Produzione preserale 19:20,weekend,2025-05-04,19:20,,Produzione preserale 19:20
publitalia_listino,CAN5,ENTERTAINMENT: Sarabanda preserale 19:20,weekend,2025-08-31,19:20,,Sarabanda preserale 19:20
publitalia_listino,CAN5,ENTERTAINMENT: Produzione preserale 19:20,tutti,2026-05-03,19:20,,Produzione preserale 19:20
publitalia_listino,CAN5,ENTERTAINMENT: Produzione preserale 19:20,weekend,2026-06-28,19:20,,Produzione preserale 19:20
publitalia_listino,CAN5,ENTERTAINMENT: Produzione preserale 19:20,weekend,2026-05-03,19:20,,Produzione preserale 19:20
publitalia_listino,CAN5,ENTERTAINMENT: Avanti un altro Bonolis 19:20,weekend,2025-05-04,19:20,,Avanti un altro Bonolis 19:20
publitalia_listino,CAN5,ENTERTAINMENT: The wall 19:20,weekend,2024-09-01,19:20,,The wall 19:20
publitalia_listino,CAN5,ENTERTAINMENT: Produzione preserale 19:20,tutti,2025-05-04,19:20,,Produzione preserale 19:20
publitalia_listino,CAN5,ENTERTAINMENT: Avanti un altro Bonolis 19:20,tutti,2025-11-30,19:20,,Avanti un altro Bonolis 19:20
publitalia_listino,CAN5,ENTERTAINMENT: Avanti un altro Bonolis 19:20,tutti,2025-08-31,19:20,,Avanti un altro Bonolis 19:20
publitalia_listino,CAN5,ENTERTAINMENT: Avanti un altro Bonolis 19:20,weekend,2025-11-30,19:20,,Avanti un altro Bonolis 19:20
publitalia_listino,CAN5,ENTERTAINMENT: Avanti un altro Bonolis 19:20,weekend,2025-03-02,19:20,,Avanti un altro Bonolis 19:20
publitalia_listino,CAN5,TG5 Sera-Meteo,weekend,2026-01-04,-,,TG5 Sera-Meteo
publitalia_listino,CAN5,Chi vuol essere milionario FPT [primissima],tutti,2026-01-04,-,,Chi vuol essere milionario
publitalia_listino,CAN5,ENTERTAINMENT: Produzione preserale,weekend,2026-01-04,-,,Produzione preserale
publitalia_listino,CAN5,Canale 5 show FPT,tutti,2026-05-03,-,,Canale 5 show
publitalia_listino,CAN5,Speciale Gransera [primissima],tutti,2026-05-03,-,,Speciale Gransera
publitalia_listino,CAN5,NEWS E SPORT: (di cui Canale 5 news - Tgcom) [primissima],tutti,2026-05-03,-,,(di cui Canale 5 news - Tgcom)
publitalia_listino,CAN5,NEWS E SPORT: (di cui Canale 5 news - Tgcom),tutti,2026-05-03,-,,Canale 5 news
publitalia_listino,CAN5,TG5 Sera-Meteo,tutti,2026-03-01,-,,TG5 Sera-Meteo
publitalia_listino,CAN5,Ruota della fortuna access [primissima],tutti,2026-03-01,-,,Ruota della fortuna access
publitalia_listino,CAN5,Speciale Estatissima,weekend,2024-09-01,-,,Speciale Estatissima
publitalia_listino,CAN5,NEWS E SPORT: (di cui Canale 5 news - Tgcom),tutti,2024-09-01,-,,Canale 5 news
publitalia_listino,CAN5,Finale Concerto,tutti,2024-12-01,-,,Finale Concerto
publitalia_listino,CAN5,ENTERTAINMENT: Preserale 1,tutti,2024-12-01,-,,Preserale 1
publitalia_listino,CAN5,ENTERTAINMENT: Mezzogiorno 1,tutti,2025-01-05,-,,Mezzogiorno 1
publitalia_listino,CAN5,Speciale Striscia,weekend,2025-03-02,-,,Speciale Striscia
publitalia_listino,CAN5,ENTERTAINMENT: Soap C5,tutti,2025-03-02,-,,Soap C5
publitalia_listino,CAN5,Amici ultime sfide,tutti,2025-03-30,-,,Amici ultime sfide
publitalia_listino,CAN5,News 5 FPT,tutti,2025-03-30,-,,News 5
publitalia_listino,CAN5,TG5 Sera-Meteo,weekend,2025-05-04,-,,TG5 Sera-Meteo
publitalia_listino,CAN5,NEWS E SPORT: Sport Club,tutti,2025-05-04,-,,Sport Club
publitalia_listino,CAN5,ENTERTAINMENT: Late noon,tutti,2025-05-04,-,,Late noon
publitalia_listino,CAN5,Speciale Estatissima,weekend,2025-06-29,-,,Speciale Estatissima
publitalia_listino,CAN5,Estatissima [primissima],weekend,2025-06-29,-,,Estatissima
publitalia_listino,CAN5,Serie C5 FPT [primissima],tutti,2025-06-29,-,,Serie C5
publitalia_listino,CAN5,NEWS E SPORT: Canale 5 news (TZ NW)** [primissima],tutti,2025-06-29,-,,Canale 5 news
publitalia_listino,CAN5,ENTERTAINMENT: Enterteinment day time R4,tutti,2025-06-29,-,,Enterteinment day time R4
publitalia_listino,CAN5,Ruota della fortuna access,tutti,2025-08-31,-,,Ruota della fortuna access
publitalia_listino,CAN5,Produzione musicale FPT [primissima],tutti,2025-08-31,-,,Produzione musicale
publitalia_listino,CAN5,ENTERTAINMENT: Domenica 5,tutti,2026-01-04,-,,Domenica 5
publitalia_listino,CAN5,Soap C5 FPT [primissima],tutti,2026-05-03,-,,Soap C5
publitalia_listino,CAN5,NEWS E SPORT: Meteo 5,tutti,2026-05-03,-,,Meteo 5
publitalia_listino,CAN5,Soap C5 FPT,tutti,2026-06-28,-,,Soap C5
publitalia_listino,CAN5,ENTERTAINMENT: Beautiful domenica,tutti,2026-03-01,-,,Beautiful domenica
publitalia_listino,CAN5,TG5 Sera-Meteo,weekend,2024-09-01,-,,TG5 Sera-Meteo
publitalia_listino,CAN5,Speciale Striscia,weekend,2024-09-01,-,,Speciale Striscia
publitalia_listino,CAN5,Segreti di famiglia FPT [primissima],tutti,2024-09-01,-,,Segreti di famiglia
publitalia_listino,CAN5,NEWS E SPORT: Meteo 5,tutti,2024-09-01,-,,Meteo 5
publitalia_listino,CAN5,ENTERTAINMENT: Domenica 5,tutti,2024-09-01,-,,Domenica 5
publitalia_listino,CAN5,ENTERTAINMENT: Primo pomeriggio,tutti,2024-09-01,-,,Primo pomeriggio
publitalia_listino,CAN5,Finale Produzione musicale,tutti,2024-12-01,-,,Finale Produzione musicale
publitalia_listino,CAN5,Speciale Gransera [primissima],tutti,2024-12-01,-,,Speciale Gransera
publitalia_listino,CAN5,ENTERTAINMENT: Comics,tutti,2024-12-01,-,,Comics
publitalia_listino,CAN5,ENTERTAINMENT: Forum pomeriggio,tutti,2024-12-01,-,,Forum pomeriggio
publitalia_listino,CAN5,ENTERTAINMENT: Domenica 5,tutti,2025-03-30,-,,Domenica 5
publitalia_listino,CAN5,ENTERTAINMENT: Primo pomeriggio,tutti,2025-03-30,-,,Primo pomeriggio
publitalia_listino,CAN5,ENTERTAINMENT: Mezzogiorno 1,tutti,2025-03-30,-,,Mezzogiorno 1
publitalia_listino,CAN5,Speciale Striscia,tutti,2025-05-04,-,,Speciale Striscia
publitalia_listino,CAN5,Show dei record FPT [primissima],tutti,2025-05-04,-,,Show dei record
publitalia_listino,CAN5,NEWS E SPORT: Canale 5 news (TZ NW)** [primissima],tutti,2025-05-04,-,,Canale 5 news
publitalia_listino,CAN5,ENTERTAINMENT: Soap C5,tutti,2025-05-04,-,,Soap C5
publitalia_listino,CAN5,ENTERTAINMENT: Pomeriggio reality,tutti,2025-05-04,-,,Pomeriggio reality
publitalia_listino,CAN5,TG5 Sera-Meteo,weekend,2025-06-29,-,,TG5 Sera-Meteo
publitalia_listino,CAN5,NEWS E SPORT: Tg4 meridiana,tutti,2025-06-29,-,,Tg4 meridiana
publitalia_listino,CAN5,ENTERTAINMENT: Primo pomeriggio,tutti,2025-06-29,-,,Primo pomeriggio
publitalia_listino,CAN5,ENTERTAINMENT: Preserale R4,weekend,2025-06-29,-,,Preserale R4
publitalia_listino,CAN5,TG5 Sera-Meteo,weekend,2025-08-31,-,,TG5 Sera-Meteo
publitalia_listino,CAN5,Speciale ruota della fortuna access,weekend,2025-08-31,-,,Speciale ruota della fortuna access
publitalia_listino,CAN5,Produzione C5 saluti,tutti,2025-11-30,-,,Produzione C5
publitalia_listino,CAN5,News 5 FPT,tutti,2025-11-30,-,,News 5
publitalia_listino,CAN5,ENTERTAINMENT: Soap C5,tutti,2025-11-30,-,,Soap C5
publitalia_listino,CAN5,Soap C5,tutti,2026-06-28,-,,Soap C5
publitalia_listino,CAN5,Speciale Gransera [primissima],tutti,2026-06-28,-,,Speciale Gransera
publitalia_listino,CAN5,NEWS E SPORT: Canale 5 news (TZ NW)**,tutti,2026-06-28,-,,Canale 5 news
publitalia_listino,CAN5,ENTERTAINMENT: Domenica 5,tutti,2026-06-28,-,,Domenica 5
publitalia_listino,CAN5,Soap C5,tutti,2026-03-01,-,,Soap C5
publitalia_listino,CAN5,ENTERTAINMENT: Speciale Amici,tutti,2026-03-01,-,,Speciale Amici
publitalia_listino,CAN5,Premiere [primissima],weekend,2024-09-01,-,,Premiere
publitalia_listino,CAN5,Premiere,weekend,2024-09-01,-,,Premiere
publitalia_listino,CAN5,Canale 5 show FPT [primissima],tutti,2024-09-01,-,,Canale 5 show
publitalia_listino,CAN5,ENTERTAINMENT: Comics,tutti,2024-09-01,-,,Comics
publitalia_listino,CAN5,Aspettando Capodanno C5,tutti,2024-12-01,-,,Aspettando Capodanno C5
publitalia_listino,CAN5,ENTERTAINMENT: Pomeriggio reality,tutti,2024-12-01,-,,Pomeriggio reality
publitalia_listino,CAN5,ENTERTAINMENT: Mezzogiorno 1,tutti,2024-12-01,-,,Mezzogiorno 1
publitalia_listino,CAN5,TG5 Sera-Meteo,weekend,2025-01-05,-,,TG5 Sera-Meteo
publitalia_listino,CAN5,Premiere,weekend,2025-01-05,-,,Premiere
publitalia_listino,CAN5,News 5 FPT,tutti,2025-01-05,-,,News 5
publitalia_listino,CAN5,Speciale Striscia promozione,weekend,2025-01-05,-,,Speciale Striscia
publitalia_listino,CAN5,Premiere promozione,weekend,2025-01-05,-,,Premiere
publitalia_listino,CAN5,NEWS E SPORT: Studio Sport,tutti,2025-01-05,-,,Studio Sport
publitalia_listino,CAN5,ENTERTAINMENT: Produzione preserale,weekend,2025-01-05,-,,Produzione preserale
publitalia_listino,CAN5,ENTERTAINMENT: Comics,tutti,2025-01-05,-,,Comics
publitalia_listino,CAN5,Cinema 5 FPT,tutti,2025-03-02,-,,Cinema 5
publitalia_listino,CAN5,News 5 FPT,tutti,2025-03-02,-,,News 5
publitalia_listino,CAN5,NEWS E SPORT: News R4 daytime,tutti,2025-03-02,-,,News R4 daytime
publitalia_listino,CAN5,ENTERTAINMENT: Primo pomeriggio,tutti,2025-03-02,-,,Primo pomeriggio
publitalia_listino,CAN5,ENTERTAINMENT: Beautiful Domenica,tutti,2025-03-30,-,,Beautiful Domenica
publitalia_listino,CAN5,Premiere [primissima],weekend,2025-05-04,-,,Premiere
publitalia_listino,CAN5,Premiere,weekend,2025-05-04,-,,Premiere
publitalia_listino,CAN5,NEWS E SPORT: Meteo 5,tutti,2025-05-04,-,,Meteo 5
publitalia_listino,CAN5,NEWS E SPORT: News R4 daytime,tutti,2025-05-04,-,,News R4 daytime
publitalia_listino,CAN5,ENTERTAINMENT: Comics Top,tutti,2025-05-04,-,,Comics Top
publitalia_listino,CAN5,ENTERTAINMENT: Sabato 1,tutti,2025-05-04,-,,Sabato 1
publitalia_listino,CAN5,Canale 5 show FPT,tutti,2025-06-29,-,,Canale 5 show
publitalia_listino,CAN5,NEWS E SPORT: Meteo 5,tutti,2025-06-29,-,,Meteo 5
publitalia_listino,CAN5,ENTERTAINMENT: Mezzogiorno 1,tutti,2025-06-29,-,,Mezzogiorno 1
publitalia_listino,CAN5,ENTERTAINMENT: Comics Top,tutti,2025-06-29,-,,Comics Top
publitalia_listino,CAN5,TG5 Sera-Meteo,tutti,2025-08-31,-,,TG5 Sera-Meteo
publitalia_listino,CAN5,Produzione musicale FPT,tutti,2025-08-31,-,,Produzione musicale
publitalia_listino,CAN5,Produzione musicale saluti,tutti,2025-08-31,-,,Produzione musicale
publitalia_listino,CAN5,NEWS E SPORT: Tg4 meridiana,tutti,2025-11-30,-,,Tg4 meridiana
publitalia_listino,CAN5,Soap C5 FPT [primissima],tutti,2026-01-04,-,,Soap C5
publitalia_listino,CAN5,ENTERTAINMENT: Soap C5,tutti,2026-01-04,-,,Soap C5
publitalia_listino,CAN5,TG5 Sera-Meteo,weekend,2026-05-03,-,,TG5 Sera-Meteo
publitalia_listino,CAN5,Soap C5 FPT,tutti,2026-05-03,-,,Soap C5
publitalia_listino,CAN5,Amici finale FPT,tutti,2026-05-03,-,,Amici finale
publitalia_listino,CAN5,Ruota della fortuna access [primissima],weekend,2026-06-28,-,,Ruota della fortuna access
publitalia_listino,CAN5,NEWS E SPORT: (di cui Canale 5 news - Tgcom) [primissima],tutti,2026-06-28,-,,(di cui Canale 5 news - Tgcom)
publitalia_listino,CAN5,ENTERTAINMENT: Beautiful Domenica,tutti,2026-06-28,-,,Beautiful Domenica
publitalia_listino,CAN5,Speciale Ruota della fortuna access,tutti,2026-03-01,-,,Speciale Ruota della fortuna access
publitalia_listino,CAN5,Ruota della fortuna access,weekend,2026-03-01,-,,Ruota della fortuna access
publitalia_listino,CAN5,Speciale Gransera [primissima],tutti,2026-03-01,-,,Speciale Gransera
publitalia_listino,CAN5,Speciale Gransera,tutti,2026-03-01,-,,Speciale Gransera
publitalia_listino,CAN5,NEWS E SPORT: (di cui Canale 5 news - Tgcom),tutti,2026-03-01,-,,Canale 5 news
publitalia_listino,CAN5,NEWS E SPORT: Sport Club,tutti,2026-03-01,-,,Sport Club
publitalia_listino,CAN5,ENTERTAINMENT: Pomeriggio con I1,tutti,2024-09-01,-,,Pomeriggio con I1
publitalia_listino,CAN5,ENTERTAINMENT: Forum pomeriggio,tutti,2024-09-01,-,,Forum pomeriggio
publitalia_listino,CAN5,Premiere [primissima],weekend,2024-12-01,-,,Premiere
publitalia_listino,CAN5,Premiere,weekend,2024-12-01,-,,Premiere
publitalia_listino,CAN5,Finale Io canto,tutti,2025-01-05,-,,Finale Io canto
publitalia_listino,CAN5,NEWS E SPORT: Meteo 5,tutti,2025-01-05,-,,Meteo 5
publitalia_listino,CAN5,NEWS E SPORT: Sport Club,tutti,2025-03-02,-,,Sport Club
publitalia_listino,CAN5,ENTERTAINMENT: Speciale Amici,tutti,2025-03-02,-,,Speciale Amici
publitalia_listino,CAN5,Estatissima [primissima],tutti,2025-05-04,-,,Estatissima
publitalia_listino,CAN5,Estatissima,weekend,2025-06-29,-,,Estatissima
publitalia_listino,CAN5,NEWS E SPORT: Studio Sport,tutti,2025-06-29,-,,Studio Sport
publitalia_listino,CAN5,NEWS E SPORT: Sport Club,tutti,2025-06-29,-,,Sport Club
publitalia_listino,CAN5,NEWS E SPORT: News R4 Daytime,tutti,2025-06-29,-,,News R4 Daytime
publitalia_listino,CAN5,ENTERTAINMENT: Forum pomeriggio,tutti,2025-06-29,-,,Forum pomeriggio
publitalia_listino,CAN5,Produzione C5 FPT [primissima],tutti,2025-11-30,-,,Produzione C5
publitalia_listino,CAN5,Speciale Gransera [primissima],tutti,2025-11-30,-,,Speciale Gransera
publitalia_listino,CAN5,ENTERTAINMENT: Soap C5 pomeriggio,tutti,2025-11-30,-,,Soap C5 pomeriggio
publitalia_listino,CAN5,Ruota della fortuna access,tutti,2026-01-04,-,,Ruota della fortuna access
publitalia_listino,CAN5,Speciale Ruota della fortuna access promozione,tutti,2026-01-04,-,,Speciale Ruota della fortuna access
publitalia_listino,CAN5,Canale 5 show FPT [primissima],tutti,2026-05-03,-,,Canale 5 show
publitalia_listino,CAN5,ENTERTAINMENT: Soap C5 pomeriggio,tutti,2026-05-03,-,,Soap C5 pomeriggio
publitalia_listino,CAN5,Speciale Ruota della fortuna access,tutti,2026-06-28,-,,Speciale Ruota della fortuna access
publitalia_listino,CAN5,Ruota della fortuna access,tutti,2026-06-28,-,,Ruota della fortuna access
publitalia_listino,CAN5,TG5 Sera-Meteo,weekend,2026-03-01,-,,TG5 Sera-Meteo
publitalia_listino,CAN5,Speciale Estatissima,tutti,2024-09-01,-,,Speciale Estatissima
publitalia_listino,CAN5,NEWS E SPORT: Sport Club,tutti,2024-09-01,-,,Sport Club
publitalia_listino,CAN5,ENTERTAINMENT: Comics Top,tutti,2024-09-01,-,,Comics Top
publitalia_listino,CAN5,TG5 Sera-Meteo,weekend,2024-12-01,-,,TG5 Sera-Meteo
publitalia_listino,CAN5,NEWS E SPORT: Meteo 5,tutti,2024-12-01,-,,Meteo 5
publitalia_listino,CAN5,ENTERTAINMENT: Aspettando Amici,tutti,2024-12-01,-,,Aspettando Amici
publitalia_listino,CAN5,Speciale Striscia,tutti,2025-01-05,-,,Speciale Striscia
publitalia_listino,CAN5,NEWS E SPORT: Sport Club,tutti,2025-01-05,-,,Sport Club
publitalia_listino,CAN5,TG5 Sera-Meteo,weekend,2025-03-02,-,,TG5 Sera-Meteo
publitalia_listino,CAN5,NEWS E SPORT: Canale 5 news (TZ NW)** [primissima],tutti,2025-03-02,-,,Canale 5 news
publitalia_listino,CAN5,NEWS E SPORT: Studio Sport,tutti,2025-03-02,-,,Studio Sport
publitalia_listino,CAN5,ENTERTAINMENT: Beautiful Domenica,tutti,2025-03-02,-,,Beautiful Domenica
publitalia_listino,CAN5,TG5 Sera-Meteo,tutti,2025-03-30,-,,TG5 Sera-Meteo
publitalia_listino,CAN5,Grande fratello,tutti,2025-03-30,-,,Grande fratello
publitalia_listino,CAN5,NEWS E SPORT: News R4 daytime,tutti,2025-03-30,-,,News R4 daytime
publitalia_listino,CAN5,Sera 5 Produzione preserale,tutti,2025-05-04,-,,Produzione preserale
publitalia_listino,CAN5,NEWS E SPORT: Studio Sport,tutti,2025-05-04,-,,Studio Sport
publitalia_listino,CAN5,ENTERTAINMENT: Produzione preserale,tutti,2025-05-04,-,,Produzione preserale
publitalia_listino,CAN5,ENTERTAINMENT: Comics,tutti,2025-05-04,-,,Comics
publitalia_listino,CAN5,ENTERTAINMENT: Produzione preserale,tutti,2025-06-29,-,,Produzione preserale
publitalia_listino,CAN5,Produzione musicale,tutti,2025-08-31,-,,Produzione musicale
publitalia_listino,CAN5,Speciale Gransera,tutti,2025-08-31,-,,Speciale Gransera
publitalia_listino,CAN5,Cinema 5 FPT,tutti,2025-08-31,-,,Cinema 5
publitalia_listino,CAN5,ENTERTAINMENT: Soap C5 pomeriggio,tutti,2026-01-04,-,,Soap C5 pomeriggio
publitalia_listino,CAN5,ENTERTAINMENT: Primo pomeriggio,tutti,2026-05-03,-,,Primo pomeriggio
publitalia_listino,CAN5,NEWS E SPORT: Canale 5 news (TZ NW)** [primissima],tutti,2024-09-01,-,,Canale 5 news
publitalia_listino,CAN5,ENTERTAINMENT: Sabato 1,tutti,2024-09-01,-,,Sabato 1
publitalia_listino,CAN5,TG5 Sera-Meteo,tutti,2024-12-01,-,,TG5 Sera-Meteo
publitalia_listino,CAN5,Canale 5 show,tutti,2024-12-01,-,,Canale 5 show
publitalia_listino,CAN5,NEWS E SPORT: News R4 daytime,tutti,2024-12-01,-,,News R4 daytime
publitalia_listino,CAN5,NEWS E SPORT: Tg4 meridiana,tutti,2024-12-01,-,,Tg4 meridiana
publitalia_listino,CAN5,Speciale Striscia,weekend,2025-01-05,-,,Speciale Striscia
publitalia_listino,CAN5,NEWS E SPORT: (di cui Canale 5 news - Tgcom) [primissima],tutti,2025-01-05,-,,(di cui Canale 5 news - Tgcom)
publitalia_listino,CAN5,NEWS E SPORT: TG4 Meridiana,tutti,2025-01-05,-,,TG4 Meridiana
publitalia_listino,CAN5,NEWS E SPORT: (di cui Canale 5 news - Tgcom),tutti,2025-03-02,-,,Canale 5 news
publitalia_listino,CAN5,Speciale Striscia,tutti,2025-03-30,-,,Speciale Striscia
publitalia_listino,CAN5,Speciale Striscia,weekend,2025-03-30,-,,Speciale Striscia
publitalia_listino,CAN5,Grande fratello nomination,tutti,2025-03-30,-,,Grande fratello nomination
publitalia_listino,CAN5,Speciale Gransera [primissima],tutti,2025-03-30,-,,Speciale Gransera
publitalia_listino,CAN5,NEWS E SPORT: Studio Sport,tutti,2025-03-30,-,,Studio Sport
publitalia_listino,CAN5,ENTERTAINMENT: Comics Top,tutti,2025-03-30,-,,Comics Top
publitalia_listino,CAN5,ENTERTAINMENT: Soap C5 pomeriggio,tutti,2025-05-04,-,,Soap C5 pomeriggio
publitalia_listino,CAN5,Sera 5 Produzione preserale,weekend,2025-06-29,-,,Produzione preserale
publitalia_listino,CAN5,TG5 Sera-Meteo,tutti,2025-06-29,-,,TG5 Sera-Meteo
publitalia_listino,CAN5,Premiere [primissima],weekend,2025-06-29,-,,Premiere
publitalia_listino,CAN5,Canale 5 show saluti,tutti,2025-06-29,-,,Canale 5 show
publitalia_listino,CAN5,ENTERTAINMENT: Soap C5 pomeriggio,tutti,2025-06-29,-,,Soap C5 pomeriggio
publitalia_listino,CAN5,ENTERTAINMENT: Soap C5 pomeriggio,tutti,2025-08-31,-,,Soap C5 pomeriggio
publitalia_listino,CAN5,Canale 5 show saluti,tutti,2025-11-30,-,,Canale 5 show
publitalia_listino,CAN5,Produzione C5 FPT,tutti,2025-11-30,-,,Produzione C5
publitalia_listino,CAN5,NEWS E SPORT: Studio Sport,tutti,2025-11-30,-,,Studio Sport
publitalia_listino,CAN5,NEWS E SPORT: Studio Sport,tutti,2026-01-04,-,,Studio Sport
publitalia_listino,CAN5,NEWS E SPORT: TG4 meridiana,tutti,2026-01-04,-,,TG4 meridiana
publitalia_listino,CAN5,ENTERTAINMENT: Domenica 5,tutti,2026-05-03,-,,Domenica 5
publitalia_listino,CAN5,NEWS E SPORT: Canale 5 news (TZ NW)**,tutti,2026-03-01,-,,Canale 5 news
publitalia_listino,CAN5,Estatissima [primissima],weekend,2024-09-01,-,,Estatissima
publitalia_listino,CAN5,NEWS E SPORT: Tg4 meridiana,tutti,2024-09-01,-,,Tg4 meridiana
publitalia_listino,CAN5,Speciale Striscia promozione,tutti,2025-01-05,-,,Speciale Striscia
publitalia_listino,CAN5,NEWS E SPORT: Canale 5 news (TZ NW)** [primissima],tutti,2025-01-05,-,,Canale 5 news
publitalia_listino,CAN5,ENTERTAINMENT: Pomeriggio reality,tutti,2025-01-05,-,,Pomeriggio reality
publitalia_listino,CAN5,ENTERTAINMENT: Speciale Amici,tutti,2025-01-05,-,,Speciale Amici
publitalia_listino,CAN5,ENTERTAINMENT: Comics Top,tutti,2025-01-05,-,,Comics Top
publitalia_listino,CAN5,Amici ultime sfide,tutti,2025-03-02,-,,Amici ultime sfide
publitalia_listino,CAN5,ENTERTAINMENT: Forum pomeriggio,tutti,2025-03-02,-,,Forum pomeriggio
publitalia_listino,CAN5,NEWS E SPORT: Canale 5 news (TZ NW)** [primissima],tutti,2025-03-30,-,,Canale 5 news
publitalia_listino,CAN5,Estatissima [primissima],weekend,2025-05-04,-,,Estatissima
publitalia_listino,CAN5,Serie C5 FPT [primissima],tutti,2025-05-04,-,,Serie C5
publitalia_listino,CAN5,Canale 5 show,tutti,2025-06-29,-,,Canale 5 show
publitalia_listino,CAN5,Serie C5 FPT,tutti,2025-06-29,-,,Serie C5
publitalia_listino,CAN5,NEWS E SPORT: Canale 5 news (TZ NW)** [primissima],tutti,2025-08-31,-,,Canale 5 news
publitalia_listino,CAN5,NEWS E SPORT: Meteo 5,tutti,2025-08-31,-,,Meteo 5
publitalia_listino,CAN5,ENTERTAINMENT: Beautiful Domenica,tutti,2025-08-31,-,,Beautiful Domenica
publitalia_listino,CAN5,Ruota della fortuna access [primissima],tutti,2026-01-04,-,,Ruota della fortuna access
publitalia_listino,CAN5,Chi vuol essere milionario,tutti,2026-01-04,-,,Chi vuol essere milionario
publitalia_listino,CAN5,Soap C5 FPT,tutti,2026-01-04,-,,Soap C5
publitalia_listino,CAN5,Cinema 5 FPT,tutti,2026-01-04,-,,Cinema 5
publitalia_listino,CAN5,News 5 FPT,tutti,2026-01-04,-,,News 5
publitalia_listino,CAN5,NEWS E SPORT: (di cui Canale 5 news - Tgcom),tutti,2026-01-04,-,,Canale 5 news
publitalia_listino,CAN5,ENTERTAINMENT: Soap C5,tutti,2026-05-03,-,,Soap C5
publitalia_listino,CAN5,TG5 Sera-Meteo,tutti,2026-06-28,-,,TG5 Sera-Meteo
publitalia_listino,CAN5,ENTERTAINMENT: Soap C5,tutti,2026-06-28,-,,Soap C5
publitalia_listino,CAN5,Ruota della fortuna access [primissima],weekend,2026-03-01,-,,Ruota della fortuna access
publitalia_listino,CAN5,Amici ultime sfide,tutti,2026-03-01,-,,Amici ultime sfide
publitalia_listino,CAN5,NEWS E SPORT: Meteo 5,tutti,2026-03-01,-,,Meteo 5
publitalia_listino,CAN5,Estatissima,weekend,2024-09-01,-,,Estatissima
publitalia_listino,CAN5,ENTERTAINMENT: Soap C5 pomeriggio,tutti,2024-09-01,-,,Soap C5 pomeriggio
publitalia_listino,CAN5,ENTERTAINMENT: The wall,weekend,2024-09-01,-,,The wall
publitalia_listino,CAN5,Canale 5 show FPT [primissima],tutti,2024-12-01,-,,Canale 5 show
publitalia_listino,CAN5,NEWS E SPORT: Canale 5 news (TZ NW)**,tutti,2024-12-01,-,,Canale 5 news
publitalia_listino,CAN5,ENTERTAINMENT: Primo pomeriggio,tutti,2024-12-01,-,,Primo pomeriggio
publitalia_listino,CAN5,ENTERTAINMENT: Speciale Amici,tutti,2024-12-01,-,,Speciale Amici
publitalia_listino,CAN5,ENTERTAINMENT: Comics Top,tutti,2024-12-01,-,,Comics Top
publitalia_listino,CAN5,NEWS E SPORT: (di cui Canale 5 news - Tgcom),tutti,2025-01-05,-,,Canale 5 news
publitalia_listino,CAN5,ENTERTAINMENT: Primo pomeriggio,tutti,2025-01-05,-,,Primo pomeriggio
publitalia_listino,CAN5,ENTERTAINMENT: Comics,tutti,2025-03-02,-,,Comics
publitalia_listino,CAN5,Cinema 5 FPT,tutti,2025-03-30,-,,Cinema 5
publitalia_listino,CAN5,NEWS E SPORT: (di cui Canale 5 news - Tgcom),tutti,2025-03-30,-,,Canale 5 news
publitalia_listino,CAN5,ENTERTAINMENT: Comics,tutti,2025-03-30,-,,Comics
publitalia_listino,CAN5,ENTERTAINMENT: Late noon,tutti,2025-03-30,-,,Late noon
publitalia_listino,CAN5,ENTERTAINMENT: Primo pomeriggio,tutti,2025-05-04,-,,Primo pomeriggio
publitalia_listino,CAN5,ENTERTAINMENT: Sabato 1,tutti,2025-06-29,-,,Sabato 1
publitalia_listino,CAN5,Speciale Gransera [primissima],tutti,2025-08-31,-,,Speciale Gransera
publitalia_listino,CAN5,News 5 FPT,tutti,2025-08-31,-,,News 5
publitalia_listino,CAN5,NEWS E SPORT: News R4 daytime,tutti,2025-08-31,-,,News R4 daytime
publitalia_listino,CAN5,TG5 Sera-Meteo,tutti,2025-11-30,-,,TG5 Sera-Meteo
publitalia_listino,CAN5,Canale 5 show FPT [primissima],tutti,2025-11-30,-,,Canale 5 show
publitalia_listino,CAN5,Produzione C5,tutti,2025-11-30,-,,Produzione C5
publitalia_listino,CAN5,Speciale Gransera,tutti,2025-11-30,-,,Speciale Gransera
publitalia_listino,CAN5,ENTERTAINMENT: Beautiful domenica,tutti,2025-11-30,-,,Beautiful domenica
publitalia_listino,CAN5,ENTERTAINMENT: Aspettando Amici,tutti,2025-11-30,-,,Aspettando Amici
publitalia_listino,CAN5,Ruota della fortuna access promozione [primissima],tutti,2026-01-04,-,,Ruota della fortuna access
publitalia_listino,CAN5,NEWS E SPORT: (di cui Canale 5 news - Tgcom) [primissima],tutti,2026-01-04,-,,(di cui Canale 5 news - Tgcom)
publitalia_listino,CAN5,Speciale Ruota della fortuna,weekend,2026-05-03,-,,Speciale Ruota della fortuna
publitalia_listino,CAN5,Canale 5 show saluti,tutti,2026-05-03,-,,Canale 5 show
publitalia_listino,CAN5,ENTERTAINMENT: Pomeriggio C5,tutti,2026-05-03,-,,Pomeriggio C5
publitalia_listino,CAN5,Ruota della fortuna access [primissima],tutti,2026-06-28,-,,Ruota della fortuna access
publitalia_listino,CAN5,NEWS E SPORT: Pressing,tutti,2026-06-28,-,,Pressing
publitalia_listino,CAN5,Speciale Ruota della fortuna access,weekend,2026-03-01,-,,Speciale Ruota della fortuna access
publitalia_listino,CAN5,NEWS E SPORT: Studio Sport,tutti,2026-03-01,-,,Studio Sport
publitalia_listino,CAN5,TG5 Sera-Meteo,tutti,2024-09-01,-,,TG5 Sera-Meteo
publitalia_listino,CAN5,NEWS E SPORT: (di cui Canale 5 news - Tgcom) [primissima],tutti,2024-09-01,-,,(di cui Canale 5 news - Tgcom)
publitalia_listino,CAN5,ENTERTAINMENT: Sabato 1,tutti,2024-12-01,-,,Sabato 1
publitalia_listino,CAN5,ENTERTAINMENT: Sabato 1,tutti,2025-01-05,-,,Sabato 1
publitalia_listino,CAN5,Speciale Gransera [primissima],tutti,2025-03-02,-,,Speciale Gransera
publitalia_listino,CAN5,ENTERTAINMENT: Preserale 1,tutti,2025-03-30,-,,Preserale 1
publitalia_listino,CAN5,ENTERTAINMENT: Forum pomeriggio,tutti,2025-03-30,-,,Forum pomeriggio
publitalia_listino,CAN5,ENTERTAINMENT: Pomeriggio con I1,tutti,2025-05-04,-,,Pomeriggio con I1
publitalia_listino,CAN5,Estatissima,tutti,2025-06-29,-,,Estatissima
publitalia_listino,CAN5,NEWS E SPORT: (di cui Canale 5 news - Tgcom) [primissima],tutti,2025-06-29,-,,(di cui Canale 5 news - Tgcom)
publitalia_listino,CAN5,Ruota della fortuna access [primissima],weekend,2025-08-31,-,,Ruota della fortuna access
publitalia_listino,CAN5,Produzione musicale,tutti,2025-11-30,-,,Produzione musicale
publitalia_listino,CAN5,Aspettando Capodanno C5,tutti,2025-11-30,-,,Aspettando Capodanno C5
publitalia_listino,CAN5,NEWS E SPORT: News R4 daytime,tutti,2025-11-30,-,,News R4 daytime
publitalia_listino,CAN5,ENTERTAINMENT: Pomeriggio con Canale 5,tutti,2025-11-30,-,,Pomeriggio con Canale 5
publitalia_listino,CAN5,Speciale Ruota della fortuna access,tutti,2026-01-04,-,,Speciale Ruota della fortuna access
publitalia_listino,CAN5,Ruota della fortuna access [primissima],weekend,2026-01-04,-,,Ruota della fortuna access
publitalia_listino,CAN5,Ruota della fortuna access,weekend,2026-01-04,-,,Ruota della fortuna access
publitalia_listino,CAN5,Soap C5,tutti,2026-01-04,-,,Soap C5
publitalia_listino,CAN5,Ruota della fortuna access promozione,tutti,2026-01-04,-,,Ruota della fortuna access
publitalia_listino,CAN5,NEWS E SPORT: Meteo 5,tutti,2026-01-04,-,,Meteo 5
publitalia_listino,CAN5,Soap C5,tutti,2026-05-03,-,,Soap C5
publitalia_listino,CAN5,ENTERTAINMENT: Beautiful domenica,tutti,2026-05-03,-,,Beautiful domenica
publitalia_listino,CAN5,Ruota della fortuna access,weekend,2026-06-28,-,,Ruota della fortuna access
publitalia_listino,CAN5,Speciale Gransera,tutti,2026-06-28,-,,Speciale Gransera
publitalia_listino,CAN5,ENTERTAINMENT: Forum meridiana,tutti,2026-06-28,-,,Forum meridiana
publitalia_listino,CAN5,ENTERTAINMENT: Soap C5 pomeriggio,tutti,2026-06-28,-,,Soap C5 pomeriggio
publitalia_listino,CAN5,NEWS E SPORT: Studio Sport,tutti,2024-09-01,-,,Studio Sport
publitalia_listino,CAN5,ENTERTAINMENT: Preserale 1,tutti,2024-09-01,-,,Preserale 1
publitalia_listino,CAN5,Speciale Striscia,tutti,2024-12-01,-,,Speciale Striscia
publitalia_listino,CAN5,NEWS E SPORT: (di cui Canale 5 news - Tgcom) [primissima],tutti,2024-12-01,-,,(di cui Canale 5 news - Tgcom)
publitalia_listino,CAN5,NEWS E SPORT: Studio Sport,tutti,2024-12-01,-,,Studio Sport
publitalia_listino,CAN5,ENTERTAINMENT: Planet 1,tutti,2024-12-01,-,,Planet 1
publitalia_listino,CAN5,TG5 Sera-Meteo,tutti,2025-01-05,-,,TG5 Sera-Meteo
publitalia_listino,CAN5,Premiere promozione [primissima],weekend,2025-01-05,-,,Premiere
publitalia_listino,CAN5,ENTERTAINMENT: Preserale 1,tutti,2025-01-05,-,,Preserale 1
publitalia_listino,CAN5,Premiere [primissima],weekend,2025-03-02,-,,Premiere
publitalia_listino,CAN5,ENTERTAINMENT: Pomeriggio reality,tutti,2025-03-02,-,,Pomeriggio reality
publitalia_listino,CAN5,TG5 Sera-Meteo,weekend,2025-03-30,-,,TG5 Sera-Meteo
publitalia_listino,CAN5,NEWS E SPORT: (di cui Canale 5 news - Tgcom) [primissima],tutti,2025-03-30,-,,(di cui Canale 5 news - Tgcom)
publitalia_listino,CAN5,NEWS E SPORT: Meteo 5,tutti,2025-03-30,-,,Meteo 5
publitalia_listino,CAN5,ENTERTAINMENT: Soap C5,tutti,2025-03-30,-,,Soap C5
publitalia_listino,CAN5,ENTERTAINMENT: Pomeriggio reality,tutti,2025-03-30,-,,Pomeriggio reality
publitalia_listino,CAN5,ENTERTAINMENT: Sabato 1,tutti,2025-03-30,-,,Sabato 1
publitalia_listino,CAN5,NEWS E SPORT: Canale 5 news (TZ NW)**,tutti,2025-05-04,-,,Canale 5 news
publitalia_listino,CAN5,NEWS E SPORT: (di cui Canale 5 news - Tgcom) [primissima],tutti,2025-05-04,-,,(di cui Canale 5 news - Tgcom)
publitalia_listino,CAN5,NEWS E SPORT: TG4 Meridiana,tutti,2025-05-04,-,,TG4 Meridiana
publitalia_listino,CAN5,ENTERTAINMENT: Avanti un altro Bonolis,weekend,2025-05-04,-,,Avanti un altro Bonolis
publitalia_listino,CAN5,ENTERTAINMENT: Produzione preserale,weekend,2025-05-04,-,,Produzione preserale
publitalia_listino,CAN5,ENTERTAINMENT: Beautiful domenica,tutti,2025-05-04,-,,Beautiful domenica
publitalia_listino,CAN5,Estatissima [primissima],tutti,2025-06-29,-,,Estatissima
publitalia_listino,CAN5,NEWS E SPORT: (di cui Canale 5 news - Tgcom),tutti,2025-06-29,-,,Canale 5 news
publitalia_listino,CAN5,NEWS E SPORT: Pressing,tutti,2025-06-29,-,,Pressing
publitalia_listino,CAN5,Ruota della fortuna access [primissima],tutti,2025-08-31,-,,Ruota della fortuna access
publitalia_listino,CAN5,NEWS E SPORT: Studio Sport,tutti,2025-08-31,-,,Studio Sport
publitalia_listino,CAN5,ENTERTAINMENT: Forum meridiana,tutti,2025-11-30,-,,Forum meridiana
publitalia_listino,CAN5,TG5 Sera-Meteo,tutti,2026-01-04,-,,TG5 Sera-Meteo
publitalia_listino,CAN5,NEWS E SPORT: Sport Club,tutti,2026-01-04,-,,Sport Club
publitalia_listino,CAN5,ENTERTAINMENT: Pomeriggio C5,tutti,2026-01-04,-,,Pomeriggio C5
publitalia_listino,CAN5,ENTERTAINMENT: Aspettando Amici,tutti,2026-01-04,-,,Aspettando Amici
publitalia_listino,CAN5,NEWS E SPORT: TG4 Meridiana,tutti,2026-05-03,-,,TG4 Meridiana
publitalia_listino,CAN5,NEWS E SPORT: News R4 daytime,tutti,2026-05-03,-,,News R4 daytime
publitalia_listino,CAN5,NEWS E SPORT: TG4 Meridiana,tutti,2026-06-28,-,,TG4 Meridiana
publitalia_listino,CAN5,ENTERTAINMENT: Aspettando Amici,tutti,2026-03-01,-,,Aspettando Amici
publitalia_listino,CAN5,Estatissima,tutti,2024-09-01,-,,Estatissima
publitalia_listino,CAN5,ENTERTAINMENT: Soap C5,tutti,2024-09-01,-,,Soap C5
publitalia_listino,CAN5,Canale 5 show FPT,tutti,2024-12-01,-,,Canale 5 show
publitalia_listino,CAN5,Produzione musicale FPT,tutti,2024-12-01,-,,Produzione musicale
publitalia_listino,CAN5,Cinema 5 FPT,tutti,2024-12-01,-,,Cinema 5
publitalia_listino,CAN5,NEWS E SPORT: Canale 5 news (TZ NW)** [primissima],tutti,2024-12-01,-,,Canale 5 news
publitalia_listino,CAN5,ENTERTAINMENT: Soap C5,tutti,2024-12-01,-,,Soap C5
publitalia_listino,CAN5,ENTERTAINMENT: Pomeriggio con I1,tutti,2024-12-01,-,,Pomeriggio con I1
publitalia_listino,CAN5,Finale Zelig,tutti,2025-01-05,-,,Finale Zelig
publitalia_listino,CAN5,Speciale Gransera,tutti,2025-01-05,-,,Speciale Gransera
publitalia_listino,CAN5,ENTERTAINMENT: Preserale 1,tutti,2025-03-02,-,,Preserale 1
publitalia_listino,CAN5,ENTERTAINMENT: Sabato 1,tutti,2025-03-02,-,,Sabato 1
publitalia_listino,CAN5,Show dei record,tutti,2025-05-04,-,,Show dei record
publitalia_listino,CAN5,NEWS E SPORT: (di cui Canale 5 news - Tgcom),tutti,2025-05-04,-,,Canale 5 news
publitalia_listino,CAN5,ENTERTAINMENT: Forum pomeriggio,tutti,2025-05-04,-,,Forum pomeriggio
publitalia_listino,CAN5,NEWS E SPORT: (di cui Canale 5 news - Tgcom) [primissima],tutti,2025-08-31,-,,(di cui Canale 5 news - Tgcom)
publitalia_listino,CAN5,NEWS E SPORT: (di cui Canale 5 news - Tgcom),tutti,2025-08-31,-,,Canale 5 news
publitalia_listino,CAN5,ENTERTAINMENT: Sarabanda preserale,weekend,2025-08-31,-,,Sarabanda preserale
publitalia_listino,CAN5,Cinema 5 FPT,tutti,2025-11-30,-,,Cinema 5
publitalia_listino,CAN5,NEWS E SPORT: Canale 5 news (TZ NW)**,tutti,2025-11-30,-,,Canale 5 news
publitalia_listino,CAN5,NEWS E SPORT: Sport Club,tutti,2025-11-30,-,,Sport Club
publitalia_listino,CAN5,ENTERTAINMENT: Domenica 5,tutti,2025-11-30,-,,Domenica 5
publitalia_listino,CAN5,NEWS E SPORT: News R4 daytime,tutti,2026-01-04,-,,News R4 daytime
publitalia_listino,CAN5,ENTERTAINMENT: Beautiful domenica,tutti,2026-01-04,-,,Beautiful domenica
publitalia_listino,CAN5,ENTERTAINMENT: Speciale Amici,tutti,2026-01-04,-,,Speciale Amici
publitalia_listino,CAN5,NEWS E SPORT: Canale 5 news (TZ NW)** [primissima],tutti,2026-06-28,-,,Canale 5 news
publitalia_listino,CAN5,NEWS E SPORT: Meteo 5,tutti,2026-06-28,-,,Meteo 5
publitalia_listino,CAN5,NEWS E SPORT: Studio Sport,tutti,2026-06-28,-,,Studio Sport
publitalia_listino,CAN5,ENTERTAINMENT: Produzione preserale,tutti,2026-06-28,-,,Produzione preserale
publitalia_listino,CAN5,Soap C5 FPT,tutti,2026-03-01,-,,Soap C5
publitalia_listino,CAN5,NEWS E SPORT: News R4 daytime,tutti,2026-03-01,-,,News R4 daytime
publitalia_listino,CAN5,ENTERTAINMENT: Soap C5,tutti,2026-03-01,-,,Soap C5
publitalia_listino,CAN5,Estatissima [primissima],tutti,2024-09-01,-,,Estatissima
publitalia_listino,CAN5,Finale Canale 5 show,tutti,2024-09-01,-,,Finale Canale 5 show
publitalia_listino,CAN5,ENTERTAINMENT: Pomeriggio reality,tutti,2024-09-01,-,,Pomeriggio reality
publitalia_listino,CAN5,Finale Canale 5 show,tutti,2024-12-01,-,,Finale Canale 5 show
publitalia_listino,CAN5,Speciale Gransera,tutti,2024-12-01,-,,Speciale Gransera
publitalia_listino,CAN5,NEWS E SPORT: (di cui Canale 5 news - Tgcom),tutti,2024-12-01,-,,Canale 5 news
publitalia_listino,CAN5,Cinema 5 FPT,tutti,2025-01-05,-,,Cinema 5
publitalia_listino,CAN5,ENTERTAINMENT: Soap C5 pomeriggio,tutti,2025-01-05,-,,Soap C5 pomeriggio
publitalia_listino,CAN5,Speciale Striscia,tutti,2025-03-02,-,,Speciale Striscia
publitalia_listino,CAN5,NEWS E SPORT: (di cui Canale 5 news - Tgcom) [primissima],tutti,2025-03-02,-,,(di cui Canale 5 news - Tgcom)
publitalia_listino,CAN5,Premiere [primissima],weekend,2025-03-30,-,,Premiere
publitalia_listino,CAN5,Grande fratello FPT,tutti,2025-03-30,-,,Grande fratello
publitalia_listino,CAN5,Speciale Striscia,weekend,2025-05-04,-,,Speciale Striscia
publitalia_listino,CAN5,Speciale Estatissima,tutti,2025-05-04,-,,Speciale Estatissima
publitalia_listino,CAN5,Sera 5 Produzione preserale,tutti,2025-06-29,-,,Produzione preserale
publitalia_listino,CAN5,Premiere,weekend,2025-06-29,-,,Premiere
publitalia_listino,CAN5,ENTERTAINMENT: Produzione preserale,weekend,2025-06-29,-,,Produzione preserale
publitalia_listino,CAN5,ENTERTAINMENT: Domenica 5,tutti,2025-06-29,-,,Domenica 5
publitalia_listino,CAN5,Serie C5 FPT,tutti,2025-08-31,-,,Serie C5
publitalia_listino,CAN5,Canale 5 show FPT,tutti,2025-11-30,-,,Canale 5 show
publitalia_listino,CAN5,NEWS E SPORT: (di cui Canale 5 news - Tgcom),tutti,2025-11-30,-,,Canale 5 news
publitalia_listino,CAN5,Chi vuol essere milionario saluti,tutti,2026-01-04,-,,Chi vuol essere milionario
publitalia_listino,CAN5,ENTERTAINMENT: Forum meridiana,tutti,2026-01-04,-,,Forum meridiana
publitalia_listino,CAN5,Amici ultime sfide,tutti,2026-05-03,-,,Amici ultime sfide
publitalia_listino,CAN5,NEWS E SPORT: Studio Sport,tutti,2026-05-03,-,,Studio Sport
publitalia_listino,CAN5,ENTERTAINMENT: Forum meridiana,tutti,2026-05-03,-,,Forum meridiana
publitalia_listino,CAN5,TG5 Sera-Meteo,weekend,2026-06-28,-,,TG5 Sera-Meteo
publitalia_listino,CAN5,Soap C5 FPT [primissima],tutti,2026-06-28,-,,Soap C5
publitalia_listino,CAN5,Soap C5 FPT [primissima],tutti,2026-03-01,-,,Soap C5
publitalia_listino,CAN5,NEWS E SPORT: (di cui Canale 5 news - Tgcom) [primissima],tutti,2026-03-01,-,,(di cui Canale 5 news - Tgcom)
publitalia_listino,CAN5,NEWS E SPORT: TG4 meridiana,tutti,2026-03-01,-,,TG4 meridiana
publitalia_listino,CAN5,ENTERTAINMENT: Forum meridiana,tutti,2026-03-01,-,,Forum meridiana
publitalia_listino,CAN5,ENTERTAINMENT: Domenica 5,tutti,2026-03-01,-,,Domenica 5
publitalia_listino,CAN5,ENTERTAINMENT: Mezzogiorno 1,tutti,2024-09-01,-,,Mezzogiorno 1
publitalia_listino,CAN5,Speciale Striscia,weekend,2024-12-01,-,,Speciale Striscia
publitalia_listino,CAN5,Produzione musicale,tutti,2024-12-01,-,,Produzione musicale
publitalia_listino,CAN5,NEWS E SPORT: Canale 5 news (TZ NW)**,tutti,2025-01-05,-,,Canale 5 news
publitalia_listino,CAN5,ENTERTAINMENT: Produzione preserale,tutti,2025-01-05,-,,Produzione preserale
publitalia_listino,CAN5,ENTERTAINMENT: Aspettando Amici,tutti,2025-01-05,-,,Aspettando Amici
publitalia_listino,CAN5,ENTERTAINMENT: Pomeriggio con I1,tutti,2025-01-05,-,,Pomeriggio con I1
publitalia_listino,CAN5,ENTERTAINMENT: Comics Top,tutti,2025-03-02,-,,Comics Top
publitalia_listino,CAN5,TG5 Sera-Meteo,tutti,2025-05-04,-,,TG5 Sera-Meteo
publitalia_listino,CAN5,NEWS E SPORT: Canale 5 news (TZ NW)**,tutti,2025-06-29,-,,Canale 5 news
publitalia_listino,CAN5,ENTERTAINMENT: Pomeriggio con I1,tutti,2025-06-29,-,,Pomeriggio con I1
publitalia_listino,CAN5,ENTERTAINMENT: Preserale 1,tutti,2025-06-29,-,,Preserale 1
publitalia_listino,CAN5,Speciale ruota della fortuna access,tutti,2025-08-31,-,,Speciale ruota della fortuna access
publitalia_listino,CAN5,NEWS E SPORT: Tg4 meridiana,tutti,2025-08-31,-,,Tg4 meridiana
publitalia_listino,CAN5,TG5 Sera-Meteo,weekend,2025-11-30,-,,TG5 Sera-Meteo
publitalia_listino,CAN5,Produzione musicale FPT [primissima],tutti,2025-11-30,-,,Produzione musicale
publitalia_listino,CAN5,Chi vuol essere milionario FPT,tutti,2026-01-04,-,,Chi vuol essere milionario
publitalia_listino,CAN5,Speciale Gransera,tutti,2026-01-04,-,,Speciale Gransera
publitalia_listino,CAN5,Canale 5 show,tutti,2026-05-03,-,,Canale 5 show
publitalia_listino,CAN5,Amici finale FPT [primissima],tutti,2026-05-03,-,,Amici finale
publitalia_listino,CAN5,Amici finale,tutti,2026-05-03,-,,Amici finale
publitalia_listino,CAN5,Amici finale ultime sfide,tutti,2026-05-03,-,,Amici finale ultime sfide
publitalia_listino,CAN5,Speciale Gransera,tutti,2026-05-03,-,,Speciale Gransera
publitalia_listino,CAN5,ENTERTAINMENT: Produzione preserale,weekend,2026-05-03,-,,Produzione preserale
publitalia_listino,CAN5,NEWS E SPORT: Sport Club,tutti,2026-06-28,-,,Sport Club
publitalia_listino,CAN5,Speciale Striscia,tutti,2024-09-01,-,,Speciale Striscia
publitalia_listino,CAN5,Segreti di famiglia FPT,tutti,2024-09-01,-,,Segreti di famiglia
publitalia_listino,CAN5,Canale 5 show FPT,tutti,2024-09-01,-,,Canale 5 show
publitalia_listino,CAN5,NEWS E SPORT: News R4 daytime,tutti,2024-09-01,-,,News R4 daytime
publitalia_listino,CAN5,ENTERTAINMENT: Beautiful Domenica,tutti,2024-09-01,-,,Beautiful Domenica
publitalia_listino,CAN5,NEWS E SPORT: Sport Club,tutti,2024-12-01,-,,Sport Club
publitalia_listino,CAN5,Premiere [primissima],weekend,2025-01-05,-,,Premiere
publitalia_listino,CAN5,NEWS E SPORT: News R4 daytime,tutti,2025-01-05,-,,News R4 daytime
publitalia_listino,CAN5,TG5 Sera-Meteo,tutti,2025-03-02,-,,TG5 Sera-Meteo
publitalia_listino,CAN5,Premiere,weekend,2025-03-02,-,,Premiere
publitalia_listino,CAN5,NEWS E SPORT: Canale 5 news (TZ NW)**,tutti,2025-03-02,-,,Canale 5 news
publitalia_listino,CAN5,NEWS E SPORT: Meteo 5,tutti,2025-03-02,-,,Meteo 5
publitalia_listino,CAN5,ENTERTAINMENT: Domenica 5,tutti,2025-03-02,-,,Domenica 5
publitalia_listino,CAN5,ENTERTAINMENT: Aspettando Amici,tutti,2025-03-02,-,,Aspettando Amici
publitalia_listino,CAN5,Sera 5 Produzione preserale,weekend,2025-05-04,-,,Produzione preserale
publitalia_listino,CAN5,Speciale Estatissima,weekend,2025-05-04,-,,Speciale Estatissima
publitalia_listino,CAN5,Estatissima,tutti,2025-05-04,-,,Estatissima
publitalia_listino,CAN5,Show dei record FPT,tutti,2025-05-04,-,,Show dei record
publitalia_listino,CAN5,Serie C5 FPT,tutti,2025-05-04,-,,Serie C5
publitalia_listino,CAN5,Speciale Estatissima,tutti,2025-06-29,-,,Speciale Estatissima
publitalia_listino,CAN5,ENTERTAINMENT: Beautiful Domenica,tutti,2025-06-29,-,,Beautiful Domenica
publitalia_listino,CAN5,ENTERTAINMENT: Comics,tutti,2025-06-29,-,,Comics
publitalia_listino,CAN5,ENTERTAINMENT: Late noon,tutti,2025-06-29,-,,Late noon
publitalia_listino,CAN5,ENTERTAINMENT: Domenica 5,tutti,2025-08-31,-,,Domenica 5
publitalia_listino,CAN5,Canale 5 show,tutti,2025-11-30,-,,Canale 5 show
publitalia_listino,CAN5,NEWS E SPORT: Canale 5 news (TZ NW)** [primissima],tutti,2026-01-04,-,,Canale 5 news
publitalia_listino,CAN5,ENTERTAINMENT: Produzione preserale,tutti,2026-01-04,-,,Produzione preserale
publitalia_listino,CAN5,NEWS E SPORT: Sport Club,tutti,2026-05-03,-,,Sport Club
publitalia_listino,CAN5,ENTERTAINMENT: Produzione preserale,tutti,2026-05-03,-,,Produzione preserale
publitalia_listino,CAN5,NEWS E SPORT: (di cui Canale 5 news - Tgcom),tutti,2026-06-28,-,,Canale 5 news
publitalia_listino,CAN5,ENTERTAINMENT: Produzione preserale,weekend,2026-06-28,-,,Produzione preserale
publitalia_listino,CAN5,NEWS E SPORT: Canale 5 news (TZ NW)** [primissima],tutti,2026-03-01,-,,Canale 5 news
publitalia_listino,CAN5,NEWS E SPORT: Canale 5 news (TZ NW)**,tutti,2024-09-01,-,,Canale 5 news
publitalia_listino,CAN5,ENTERTAINMENT: Speciale Amici,tutti,2024-09-01,-,,Speciale Amici
publitalia_listino,CAN5,Speciale Gransera,tutti,2025-03-02,-,,Speciale Gransera
publitalia_listino,CAN5,NEWS E SPORT: TG4 Meridiana,tutti,2025-03-02,-,,TG4 Meridiana
publitalia_listino,CAN5,ENTERTAINMENT: Mezzogiorno 1,tutti,2025-03-02,-,,Mezzogiorno 1
publitalia_listino,CAN5,ENTERTAINMENT: Pomeriggio con I1,tutti,2025-03-02,-,,Pomeriggio con I1
publitalia_listino,CAN5,Premiere,weekend,2025-03-30,-,,Premiere
publitalia_listino,CAN5,NEWS E SPORT: Canale 5 news (TZ NW)**,tutti,2025-03-30,-,,Canale 5 news
publitalia_listino,CAN5,NEWS E SPORT: Sport Club,tutti,2025-03-30,-,,Sport Club
publitalia_listino,CAN5,Estatissima,weekend,2025-05-04,-,,Estatissima
publitalia_listino,CAN5,Show dei record saluti,tutti,2025-05-04,-,,Show dei record
publitalia_listino,CAN5,Ruota della fortuna access,weekend,2025-08-31,-,,Ruota della fortuna access
publitalia_listino,CAN5,Serie C5 FPT [primissima],tutti,2025-08-31,-,,Serie C5
publitalia_listino,CAN5,NEWS E SPORT: Canale 5 news (TZ NW)**,tutti,2025-08-31,-,,Canale 5 news
publitalia_listino,CAN5,ENTERTAINMENT: Forum meridiana,tutti,2025-08-31,-,,Forum meridiana
publitalia_listino,CAN5,Produzione musicale FPT,tutti,2025-11-30,-,,Produzione musicale
publitalia_listino,CAN5,NEWS E SPORT: Canale 5 news (TZ NW)** [primissima],tutti,2025-11-30,-,,Canale 5 news
publitalia_listino,CAN5,ENTERTAINMENT: Primo pomeriggio,tutti,2025-11-30,-,,Primo pomeriggio
publitalia_listino,CAN5,ENTERTAINMENT: Speciale Amici,tutti,2025-11-30,-,,Speciale Amici
publitalia_listino,CAN5,Speciale Ruota della fortuna access,weekend,2026-01-04,-,,Speciale Ruota della fortuna access
publitalia_listino,CAN5,Speciale Gransera [primissima],tutti,2026-01-04,-,,Speciale Gransera
publitalia_listino,CAN5,NEWS E SPORT: Canale 5 news (TZ NW)**,tutti,2026-01-04,-,,Canale 5 news
publitalia_listino,CAN5,TG5 Sera-Meteo,tutti,2026-05-03,-,,TG5 Sera-Meteo
publitalia_listino,CAN5,Speciale Ruota della fortuna,tutti,2026-05-03,-,,Speciale Ruota della fortuna
publitalia_listino,CAN5,NEWS E SPORT: Canale 5 news (TZ NW)** [primissima],tutti,2026-05-03,-,,Canale 5 news
publitalia_listino,CAN5,NEWS E SPORT: Canale 5 news (TZ NW)**,tutti,2026-05-03,-,,Canale 5 news
publitalia_listino,CAN5,NEWS E SPORT: News R4 daytime,tutti,2026-06-28,-,,News R4 daytime
publitalia_listino,CAN5,Ruota della fortuna access,tutti,2026-03-01,-,,Ruota della fortuna access
publitalia_listino,CAN5,ENTERTAINMENT: Pomeriggio C5,tutti,2026-03-01,-,,Pomeriggio C5
publitalia_listino,CAN5,ENTERTAINMENT: Primo pomeriggio,tutti,2026-03-01,-,,Primo pomeriggio
publitalia_listino,CAN5,Canale 5 show,tutti,2024-09-01,-,,Canale 5 show
publitalia_listino,CAN5,Produzione musicale FPT [primissima],tutti,2024-12-01,-,,Produzione musicale
publitalia_listino,CAN5,News 5 FPT,tutti,2024-12-01,-,,News 5
publitalia_listino,CAN5,ENTERTAINMENT: Soap C5 pomeriggio,tutti,2024-12-01,-,,Soap C5 pomeriggio
publitalia_listino,CAN5,ENTERTAINMENT: Domenica 5,tutti,2024-12-01,-,,Domenica 5
publitalia_listino,CAN5,Speciale Gransera [primissima],tutti,2025-01-05,-,,Speciale Gransera
publitalia_listino,CAN5,ENTERTAINMENT: Soap C5,tutti,2025-01-05,-,,Soap C5
publitalia_listino,CAN5,ENTERTAINMENT: Domenica 5,tutti,2025-01-05,-,,Domenica 5
publitalia_listino,CAN5,ENTERTAINMENT: Forum pomeriggio,tutti,2025-01-05,-,,Forum pomeriggio
publitalia_listino,CAN5,Grande fratello FPT [primissima],tutti,2025-03-30,-,,Grande fratello
publitalia_listino,CAN5,Speciale Gransera,tutti,2025-03-30,-,,Speciale Gransera
publitalia_listino,CAN5,NEWS E SPORT: TG4 Meridiana,tutti,2025-03-30,-,,TG4 Meridiana
publitalia_listino,CAN5,ENTERTAINMENT: Pomeriggio con I1,tutti,2025-03-30,-,,Pomeriggio con I1
publitalia_listino,CAN5,ENTERTAINMENT: Domenica 5,tutti,2025-05-04,-,,Domenica 5
publitalia_listino,CAN5,ENTERTAINMENT: Mezzogiorno 1,tutti,2025-05-04,-,,Mezzogiorno 1
publitalia_listino,CAN5,ENTERTAINMENT: Preserale 1,tutti,2025-05-04,-,,Preserale 1
publitalia_listino,CAN5,Canale 5 show FPT [primissima],tutti,2025-06-29,-,,Canale 5 show
publitalia_listino,CAN5,ENTERTAINMENT: Soap C5,tutti,2025-06-29,-,,Soap C5
publitalia_listino,CAN5,ENTERTAINMENT: Preserale R4,tutti,2025-06-29,-,,Preserale R4
publitalia_listino,CAN5,NEWS E SPORT: Sport Club,tutti,2025-08-31,-,,Sport Club
publitalia_listino,CAN5,ENTERTAINMENT: Soap C5,tutti,2025-08-31,-,,Soap C5
publitalia_listino,CAN5,Speciale Access C5,tutti,2025-11-30,-,,Speciale Access C5
publitalia_listino,CAN5,Speciale Access C5,weekend,2025-11-30,-,,Speciale Access C5
publitalia_listino,CAN5,Produzione musicale saluti,tutti,2025-11-30,-,,Produzione musicale
publitalia_listino,CAN5,NEWS E SPORT: (di cui Canale 5 news - Tgcom) [primissima],tutti,2025-11-30,-,,(di cui Canale 5 news - Tgcom)
publitalia_listino,CAN5,NEWS E SPORT: Meteo 5,tutti,2025-11-30,-,,Meteo 5
publitalia_listino,CAN5,NEWS E SPORT: Studio Aperto Meteo,tutti,2025-03-30,-,,Studio Aperto Meteo
publitalia_listino,CAN5,NEWS E SPORT: Studio Aperto Meteo,tutti,2026-01-04,-,,Studio Aperto Meteo
publitalia_listino,CAN5,ENTERTAINMENT: Avanti un altro Bonolis,tutti,2025-03-30,-,,Avanti un altro Bonolis
publitalia_listino,CAN5,NEWS E SPORT: Studio Aperto Meteo,tutti,2026-05-03,-,,Studio Aperto Meteo
publitalia_listino,CAN5,NEWS E SPORT: Studio Aperto Meteo,tutti,2026-06-28,-,,Studio Aperto Meteo
publitalia_listino,CAN5,Sera 5 Avanti un altro Bonolis,weekend,2025-08-31,-,,Avanti un altro Bonolis
publitalia_listino,CAN5,NEWS E SPORT: Studio Aperto Meteo,tutti,2025-05-04,-,,Studio Aperto Meteo
publitalia_listino,CAN5,NEWS E SPORT: Studio Aperto Meteo,tutti,2026-03-01,-,,Studio Aperto Meteo
publitalia_listino,CAN5,Sera 5 Avanti un altro Bonolis,weekend,2025-03-30,-,,Avanti un altro Bonolis
publitalia_listino,CAN5,NEWS E SPORT: Studio Aperto Meteo,tutti,2025-06-29,-,,Studio Aperto Meteo
publitalia_listino,CAN5,NEWS E SPORT: Studio Aperto Meteo,tutti,2024-12-01,-,,Studio Aperto Meteo
publitalia_listino,CAN5,ENTERTAINMENT: Avanti un altro Bonolis,weekend,2025-08-31,-,,Avanti un altro Bonolis
publitalia_listino,CAN5,NEWS E SPORT: Studio Aperto Meteo,tutti,2025-11-30,-,,Studio Aperto Meteo
publitalia_listino,CAN5,NEWS E SPORT: Studio Aperto Meteo,tutti,2025-03-02,-,,Studio Aperto Meteo
publitalia_listino,CAN5,NEWS E SPORT: Studio Aperto Meteo,tutti,2025-01-05,-,,Studio Aperto Meteo
publitalia_listino,CAN5,ENTERTAINMENT: Avanti un altro Bonolis,weekend,2025-03-30,-,,Avanti un altro Bonolis
publitalia_listino,CAN5,ENTERTAINMENT: Avanti un altro Bonolis,tutti,2025-03-02,-,,Avanti un altro Bonolis
publitalia_listino,CAN5,NEWS E SPORT: Studio Aperto Meteo,tutti,2025-08-31,-,,Studio Aperto Meteo
publitalia_listino,CAN5,NEWS E SPORT: Studio Aperto Meteo,tutti,2024-09-01,-,,Studio Aperto Meteo
publitalia_listino,ITA1,Italia 1 show promozione FPT,tutti,2026-05-03,-,,Italia 1 show
publitalia_listino,ITA1,INLOGO: Amici finale,tutti,2026-05-03,-,,Amici finale
publitalia_listino,ITA1,Premiere,tutti,2024-09-01,-,,Premiere
publitalia_listino,ITA1,Prime Time Family FPT [primissima],tutti,2024-09-01,-,,Prime Time Family
publitalia_listino,ITA1,Prime Time Family FPT,tutti,2025-01-05,-,,Prime Time Family
publitalia_listino,ITA1,Sarabanda FPT [primissima],tutti,2025-06-29,-,,Sarabanda
publitalia_listino,ITA1,INLOGO: Fiction 5 estate FPT,tutti,2025-06-29,-,,Fiction 5 estate
publitalia_listino,ITA1,Chicago FPT,tutti,2025-08-31,-,,Chicago
publitalia_listino,ITA1,GOLDEN MINUTE: Golden minute Produzione musicale I1,tutti,2025-08-31,-,,Produzione musicale I1
publitalia_listino,ITA1,INLOGO: Serie C5,tutti,2025-08-31,-,,Serie C5
publitalia_listino,ITA1,INLOGO: Produzione musicale I1,tutti,2025-08-31,-,,Produzione musicale I1
publitalia_listino,ITA1,GOLDEN MINUTE: Golden minute Ruota della fortuna access,weekend,2026-01-04,-,,Ruota della fortuna access
publitalia_listino,ITA1,Prime time 2 [primissima],tutti,2026-05-03,-,,Prime time 2
publitalia_listino,ITA1,INLOGO: Canale 5 show,tutti,2024-09-01,-,,Canale 5 show
publitalia_listino,ITA1,INLOGO: Canale 5 show,tutti,2024-12-01,-,,Canale 5 show
publitalia_listino,ITA1,Prime Time Family FPT,tutti,2025-03-02,-,,Prime Time Family
publitalia_listino,ITA1,Prime Time 2 [primissima],tutti,2025-03-02,-,,Prime Time 2
publitalia_listino,ITA1,Aspettando Le Iene Show FPT,tutti,2025-03-30,-,,Aspettando Le Iene Show
publitalia_listino,ITA1,Italia 1 Show,tutti,2025-03-30,-,,Italia 1 Show
publitalia_listino,ITA1,Prime Time Family FPT [primissima],tutti,2025-05-04,-,,Prime Time Family
publitalia_listino,ITA1,Italia 1 Show FPT [primissima],tutti,2025-06-29,-,,Italia 1 Show
publitalia_listino,ITA1,Prime Time Family FPT [primissima],tutti,2025-06-29,-,,Prime Time Family
publitalia_listino,ITA1,Speciale Prime time,tutti,2025-11-30,-,,Speciale Prime time
publitalia_listino,ITA1,Speciale Prime Time,tutti,2026-01-04,-,,Speciale Prime Time
publitalia_listino,ITA1,INLOGO: Italia 1 show,tutti,2026-03-01,-,,Italia 1 show
publitalia_listino,ITA1,Finale Le Iene Show,tutti,2024-09-01,-,,Finale Le Iene Show
publitalia_listino,ITA1,Speciale Cinema 1 Natale,tutti,2024-12-01,-,,Speciale Cinema 1 Natale
publitalia_listino,ITA1,Cinema 1 Natale FPT [primissima],tutti,2024-12-01,-,,Cinema 1 Natale
publitalia_listino,ITA1,Premiere,tutti,2025-01-05,-,,Premiere
publitalia_listino,ITA1,INLOGO: Amici finale,tutti,2025-05-04,-,,Amici finale
publitalia_listino,ITA1,Prime Time 2 [primissima],tutti,2025-06-29,-,,Prime Time 2
publitalia_listino,ITA1,INLOGO: Serie C5 FPT,tutti,2025-06-29,-,,Serie C5
publitalia_listino,ITA1,INLOGO: Le Iene Speciale FPT,tutti,2025-06-29,-,,Le Iene Speciale
publitalia_listino,ITA1,Prime Time 2,tutti,2025-08-31,-,,Prime Time 2
publitalia_listino,ITA1,Prime Time 2 [primissima],tutti,2026-01-04,-,,Prime Time 2
publitalia_listino,ITA1,GOLDEN MINUTE: Golden minute Ruota della fortuna access promozione,tutti,2026-01-04,-,,Ruota della fortuna access
publitalia_listino,ITA1,INLOGO: Soap C5,tutti,2026-01-04,-,,Soap C5
publitalia_listino,ITA1,Italia 1 show FPT [primissima],tutti,2026-05-03,-,,Italia 1 show
publitalia_listino,ITA1,Italia 1 show,tutti,2026-05-03,-,,Italia 1 show
publitalia_listino,ITA1,Italia 1 show promozione FPT [primissima],tutti,2026-05-03,-,,Italia 1 show
publitalia_listino,ITA1,GOLDEN MINUTE: Golden minute Ruota della fortuna access,weekend,2026-03-01,-,,Ruota della fortuna access
publitalia_listino,ITA1,News 1 Natale FPT,tutti,2024-12-01,-,,News 1 Natale
publitalia_listino,ITA1,Italia 1 Show,tutti,2025-01-05,-,,Italia 1 Show
publitalia_listino,ITA1,Speciale Prime Time,tutti,2025-03-02,-,,Speciale Prime Time
publitalia_listino,ITA1,Prime Time 2 [primissima],tutti,2025-03-30,-,,Prime Time 2
publitalia_listino,ITA1,INLOGO: Serie C5,tutti,2025-05-04,-,,Serie C5
publitalia_listino,ITA1,Premiere,weekend,2025-06-29,-,,Premiere
publitalia_listino,ITA1,Sarabanda,tutti,2025-06-29,-,,Sarabanda
publitalia_listino,ITA1,INLOGO: Produzione musicale,tutti,2025-08-31,-,,Produzione musicale
publitalia_listino,ITA1,INLOGO: Produzione C5,tutti,2025-11-30,-,,Produzione C5
publitalia_listino,ITA1,Prime Time Family promozione FPT [primissima],tutti,2026-01-04,-,,Prime Time Family
publitalia_listino,ITA1,Italia 1 show FPT,tutti,2026-03-01,-,,Italia 1 show
publitalia_listino,ITA1,INLOGO: Soap C5,tutti,2026-03-01,-,,Soap C5
publitalia_listino,ITA1,Italia 1 Show FPT [primissima],tutti,2025-01-05,-,,Italia 1 Show
publitalia_listino,ITA1,INLOGO: Italia 1 Show,tutti,2025-01-05,-,,Italia 1 Show
publitalia_listino,ITA1,Italia 1 Show FPT,tutti,2025-05-04,-,,Italia 1 Show
publitalia_listino,ITA1,Italia 1 Show,tutti,2025-05-04,-,,Italia 1 Show
publitalia_listino,ITA1,Prime Time Family FPT,tutti,2025-05-04,-,,Prime Time Family
publitalia_listino,ITA1,Spec.Prime Time,tutti,2025-08-31,-,,Spec.Prime Time
publitalia_listino,ITA1,INLOGO: Chicago,tutti,2025-08-31,-,,Chicago
publitalia_listino,ITA1,Prime time family FPT,tutti,2025-11-30,-,,Prime time family
publitalia_listino,ITA1,Prime Time Family promozione FPT,tutti,2026-01-04,-,,Prime Time Family
publitalia_listino,ITA1,GOLDEN MINUTE: Golden minute chi vuol essere milionario,tutti,2026-01-04,-,,chi vuol essere milionario
publitalia_listino,ITA1,Prime time family FPT,tutti,2026-05-03,-,,Prime time family
publitalia_listino,ITA1,INLOGO: Italia 1 Show promozione,tutti,2026-05-03,-,,Italia 1 Show
publitalia_listino,ITA1,Speciale Prime time,tutti,2024-12-01,-,,Speciale Prime time
publitalia_listino,ITA1,Aspettando Le Iene Show FPT,tutti,2025-03-02,-,,Aspettando Le Iene Show
publitalia_listino,ITA1,Premiere,tutti,2025-03-30,-,,Premiere
publitalia_listino,ITA1,Prime Time 2,tutti,2025-06-29,-,,Prime Time 2
publitalia_listino,ITA1,INLOGO: Italia 1 Show,tutti,2025-08-31,-,,Italia 1 Show
publitalia_listino,ITA1,Prime time family FPT [primissima],tutti,2025-11-30,-,,Prime time family
publitalia_listino,ITA1,Prime Time 2 [primissima],tutti,2024-09-01,-,,Prime Time 2
publitalia_listino,ITA1,Italia 1 Show FPT,tutti,2025-01-05,-,,Italia 1 Show
publitalia_listino,ITA1,Prime Time 2 promozione,tutti,2025-01-05,-,,Prime Time 2
publitalia_listino,ITA1,Prime Time Family FPT [primissima],tutti,2025-03-02,-,,Prime Time Family
publitalia_listino,ITA1,Sarabanda FPT,tutti,2025-06-29,-,,Sarabanda
publitalia_listino,ITA1,Prime Time Family FPT,tutti,2025-06-29,-,,Prime Time Family
publitalia_listino,ITA1,INLOGO: Produzione musicale I1 FPT,tutti,2025-06-29,-,,Produzione musicale I1
publitalia_listino,ITA1,Prime Time Family FPT,tutti,2026-01-04,-,,Prime Time Family
publitalia_listino,ITA1,Italia 1 show FPT,tutti,2026-05-03,-,,Italia 1 show
publitalia_listino,ITA1,GOLDEN MINUTE: Golden minute Italia 1 show,tutti,2026-03-01,-,,Italia 1 show
publitalia_listino,ITA1,Spec.Prime Time,tutti,2024-09-01,-,,Spec.Prime Time
publitalia_listino,ITA1,INLOGO: Italia 1 Show,tutti,2024-09-01,-,,Italia 1 Show
publitalia_listino,ITA1,Prime time family FPT [primissima],tutti,2024-12-01,-,,Prime time family
publitalia_listino,ITA1,Prime Time 2 [primissima],tutti,2024-12-01,-,,Prime Time 2
publitalia_listino,ITA1,Premiere promozione,tutti,2025-01-05,-,,Premiere
publitalia_listino,ITA1,Prime Time 2 promozione [primissima],tutti,2025-01-05,-,,Prime Time 2
publitalia_listino,ITA1,Premiere,weekend,2025-03-02,-,,Premiere
publitalia_listino,ITA1,Premiere,weekend,2025-03-30,-,,Premiere
publitalia_listino,ITA1,Speciale Prime Time,tutti,2025-03-30,-,,Speciale Prime Time
publitalia_listino,ITA1,Premiere,tutti,2025-05-04,-,,Premiere
publitalia_listino,ITA1,Speciale Prime Time,tutti,2025-05-04,-,,Speciale Prime Time
publitalia_listino,ITA1,Italia 1 Show FPT,tutti,2025-06-29,-,,Italia 1 Show
publitalia_listino,ITA1,Le Iene Speciale FPT [primissima],tutti,2025-06-29,-,,Le Iene Speciale
publitalia_listino,ITA1,Cinema 1 Natale FPT,tutti,2025-11-30,-,,Cinema 1 Natale
publitalia_listino,ITA1,Prime Time Family FPT [primissima],tutti,2026-01-04,-,,Prime Time Family
publitalia_listino,ITA1,Prime Time 2 promozione,tutti,2026-01-04,-,,Prime Time 2
publitalia_listino,ITA1,Prime time 2,tutti,2026-05-03,-,,Prime time 2
publitalia_listino,ITA1,GOLDEN MINUTE: Golden minute Italia 1 show,tutti,2026-05-03,-,,Italia 1 show
publitalia_listino,ITA1,Italia 1 Show FPT [primissima],tutti,2024-09-01,-,,Italia 1 Show
publitalia_listino,ITA1,INLOGO: Produzione musicale,tutti,2024-12-01,-,,Produzione musicale
publitalia_listino,ITA1,Prime Time 2 [primissima],tutti,2025-01-05,-,,Prime Time 2
publitalia_listino,ITA1,Prime Time Family promozione FPT [primissima],tutti,2025-01-05,-,,Prime Time Family
publitalia_listino,ITA1,Premiere,weekend,2025-05-04,-,,Premiere
publitalia_listino,ITA1,Prime Time 2 [primissima],tutti,2025-05-04,-,,Prime Time 2
publitalia_listino,ITA1,INLOGO: Produzione musicale,tutti,2025-05-04,-,,Produzione musicale
publitalia_listino,ITA1,Chicago FPT [primissima],tutti,2025-08-31,-,,Chicago
publitalia_listino,ITA1,Prime Time 2 promozione [primissima],tutti,2026-01-04,-,,Prime Time 2
publitalia_listino,ITA1,Speciale prime time,tutti,2026-05-03,-,,Speciale prime time
publitalia_listino,ITA1,Prime Time 2 [primissima],tutti,2026-03-01,-,,Prime Time 2
publitalia_listino,ITA1,Prime Time 2,tutti,2026-03-01,-,,Prime Time 2
publitalia_listino,ITA1,Italia 1 Show,tutti,2024-09-01,-,,Italia 1 Show
publitalia_listino,ITA1,Cinema 1 Natale FPT,tutti,2024-12-01,-,,Cinema 1 Natale
publitalia_listino,ITA1,Prime Time Family FPT [primissima],tutti,2025-01-05,-,,Prime Time Family
publitalia_listino,ITA1,Italia 1 Show FPT,tutti,2025-03-30,-,,Italia 1 Show
publitalia_listino,ITA1,Italia 1 Show,tutti,2025-06-29,-,,Italia 1 Show
publitalia_listino,ITA1,Speciale Prime Time,tutti,2025-06-29,-,,Speciale Prime Time
publitalia_listino,ITA1,INLOGO: Canale 5 show FPT,tutti,2025-06-29,-,,Canale 5 show
publitalia_listino,ITA1,INLOGO: Italia 1 Show FPT,tutti,2025-06-29,-,,Italia 1 Show
publitalia_listino,ITA1,Speciale Cinema 1 Natale,tutti,2025-11-30,-,,Speciale Cinema 1 Natale
publitalia_listino,ITA1,Prime Time 2,tutti,2026-01-04,-,,Prime Time 2
publitalia_listino,ITA1,GOLDEN MINUTE: Golden minute Canale 5 show,tutti,2026-05-03,-,,Canale 5 show
publitalia_listino,ITA1,INLOGO: Italia 1 Show,tutti,2026-05-03,-,,Italia 1 Show
publitalia_listino,ITA1,Prime Time Family FPT,tutti,2024-09-01,-,,Prime Time Family
publitalia_listino,ITA1,INLOGO: Produzione musicale,tutti,2024-09-01,-,,Produzione musicale
publitalia_listino,ITA1,Prime Time Family promozione FPT,tutti,2025-01-05,-,,Prime Time Family
publitalia_listino,ITA1,Prime Time Family FPT,tutti,2025-03-30,-,,Prime Time Family
publitalia_listino,ITA1,INLOGO: Canale 5 show,tutti,2025-05-04,-,,Canale 5 show
publitalia_listino,ITA1,Aspettando Le Iene Speciale FPT,tutti,2025-06-29,-,,Aspettando Le Iene Speciale
publitalia_listino,ITA1,Produzione musicale I1 FPT [primissima],tutti,2025-06-29,-,,Produzione musicale I1
publitalia_listino,ITA1,INLOGO: Sarabanda FPT,tutti,2025-06-29,-,,Sarabanda
publitalia_listino,ITA1,Produzione musicale I1 FPT [primissima],tutti,2025-08-31,-,,Produzione musicale I1
publitalia_listino,ITA1,Cinema 1 Natale FPT [primissima],tutti,2025-11-30,-,,Cinema 1 Natale
publitalia_listino,ITA1,Prime Time 2 [primissima],tutti,2025-11-30,-,,Prime Time 2
publitalia_listino,ITA1,INLOGO: Canale 5 show,tutti,2026-05-03,-,,Canale 5 show
publitalia_listino,ITA1,Premiere,tutti,2024-12-01,-,,Premiere
publitalia_listino,ITA1,Prime Time 2,tutti,2025-01-05,-,,Prime Time 2
publitalia_listino,ITA1,Italia 1 Show FPT [primissima],tutti,2025-03-30,-,,Italia 1 Show
publitalia_listino,ITA1,Prime Time 2,tutti,2025-05-04,-,,Prime Time 2
publitalia_listino,ITA1,Le Iene Speciale Saluti,tutti,2025-06-29,-,,Le Iene Speciale
publitalia_listino,ITA1,Produzione musicale,tutti,2025-06-29,-,,Produzione musicale
publitalia_listino,ITA1,Italia 1 Show FPT [primissima],tutti,2025-08-31,-,,Italia 1 Show
publitalia_listino,ITA1,Italia 1 Show,tutti,2025-08-31,-,,Italia 1 Show
publitalia_listino,ITA1,Speciale Prime Time,tutti,2026-03-01,-,,Speciale Prime Time
publitalia_listino,ITA1,Premiere,weekend,2024-09-01,-,,Premiere
publitalia_listino,ITA1,Italia 1 Show FPT,tutti,2024-09-01,-,,Italia 1 Show
publitalia_listino,ITA1,INLOGO: Serie 4 Top FPT,tutti,2024-09-01,-,,Serie 4 Top
publitalia_listino,ITA1,Premiere,weekend,2024-12-01,-,,Premiere
publitalia_listino,ITA1,Premiere,weekend,2025-01-05,-,,Premiere
publitalia_listino,ITA1,INLOGO: Italia 1 Show,tutti,2025-05-04,-,,Italia 1 Show
publitalia_listino,ITA1,Produzione musicale I1 FPT,tutti,2025-08-31,-,,Produzione musicale I1
publitalia_listino,ITA1,Produzione musicale I1,tutti,2025-08-31,-,,Produzione musicale I1
publitalia_listino,ITA1,Prime Time 2 [primissima],tutti,2025-08-31,-,,Prime Time 2
publitalia_listino,ITA1,Italia 1 Show FPT,tutti,2025-08-31,-,,Italia 1 Show
publitalia_listino,ITA1,GOLDEN MINUTE: Golden minute Italia 1 Show,tutti,2025-08-31,-,,Italia 1 Show
publitalia_listino,ITA1,INLOGO: Canale 5 show,tutti,2025-11-30,-,,Canale 5 show
publitalia_listino,ITA1,Prime time family FPT [primissima],tutti,2026-05-03,-,,Prime time family
publitalia_listino,ITA1,INLOGO: Produzione musicale I1,tutti,2024-09-01,-,,Produzione musicale I1
publitalia_listino,ITA1,Finale Le Iene show,tutti,2024-12-01,-,,Finale Le Iene show
publitalia_listino,ITA1,Speciale Prime Time,tutti,2025-01-05,-,,Speciale Prime Time
publitalia_listino,ITA1,Premiere,tutti,2025-03-02,-,,Premiere
publitalia_listino,ITA1,Prime Time 2,tutti,2025-03-30,-,,Prime Time 2
publitalia_listino,ITA1,INLOGO: Grande fratello,tutti,2025-03-30,-,,Grande fratello
publitalia_listino,ITA1,Le Iene Speciale,tutti,2025-06-29,-,,Le Iene Speciale
publitalia_listino,ITA1,INLOGO: Serie 4 Top FPT,tutti,2025-06-29,-,,Serie 4 Top
publitalia_listino,ITA1,Chicago,tutti,2025-08-31,-,,Chicago
publitalia_listino,ITA1,Prime Time Family FPT,tutti,2025-08-31,-,,Prime Time Family
publitalia_listino,ITA1,News 1 Natale FPT,tutti,2025-11-30,-,,News 1 Natale
publitalia_listino,ITA1,INLOGO: Rete 4 news,tutti,2026-05-03,-,,Rete 4 news
publitalia_listino,ITA1,Prime Time 2,tutti,2024-09-01,-,,Prime Time 2
publitalia_listino,ITA1,Premiere promozione,weekend,2025-01-05,-,,Premiere
publitalia_listino,ITA1,Prime Time 2,tutti,2025-03-02,-,,Prime Time 2
publitalia_listino,ITA1,Italia 1 Show FPT [primissima],tutti,2025-05-04,-,,Italia 1 Show
publitalia_listino,ITA1,Le Iene Speciale FPT,tutti,2025-06-29,-,,Le Iene Speciale
publitalia_listino,ITA1,INLOGO: Doc 4 FPT,tutti,2025-06-29,-,,Doc 4
publitalia_listino,ITA1,Prime Time Family FPT [primissima],tutti,2025-08-31,-,,Prime Time Family
publitalia_listino,ITA1,Speciale prime time promozione,tutti,2026-05-03,-,,Speciale prime time
publitalia_listino,ITA1,Italia 1 show FPT [primissima],tutti,2026-03-01,-,,Italia 1 show
publitalia_listino,ITA1,Italia 1 show,tutti,2026-03-01,-,,Italia 1 show
publitalia_listino,ITA1,Prime Time Family FPT [primissima],tutti,2026-03-01,-,,Prime Time Family
publitalia_listino,ITA1,Prime Time Family FPT,tutti,2026-03-01,-,,Prime Time Family
publitalia_listino,ITA1,INLOGO: Doc 4,tutti,2024-09-01,-,,Doc 4
publitalia_listino,ITA1,Prime time family FPT,tutti,2024-12-01,-,,Prime time family
publitalia_listino,ITA1,Prime Time 2,tutti,2024-12-01,-,,Prime Time 2
publitalia_listino,ITA1,Prime Time Family FPT [primissima],tutti,2025-03-30,-,,Prime Time Family
publitalia_listino,ITA1,INLOGO: Italia 1 Show,tutti,2025-03-30,-,,Italia 1 Show
publitalia_listino,ITA1,Premiere,tutti,2025-06-29,-,,Premiere
publitalia_listino,ITA1,Produzione musicale I1 FPT,tutti,2025-06-29,-,,Produzione musicale I1
publitalia_listino,ITA1,INLOGO: L'Isola dei famosi FPT,tutti,2025-06-29,-,,L'Isola dei famosi
publitalia_listino,ITA1,Prime Time 2,tutti,2025-11-30,-,,Prime Time 2
publitalia_listino,ITA1,INLOGO: Produzione musicale,tutti,2025-11-30,-,,Produzione musicale
publitalia_listino,ITA1,Aspettando Le Iene Speciale FPT,tutti,2025-03-30,-,,Aspettando Le Iene Speciale
publitalia_listino,ITA1,Le Iene Speciale FPT,tutti,2025-05-04,-,,Le Iene Speciale
publitalia_listino,ITA1,Aspettando Le Iene Show FPT,tutti,2025-01-05,-,,Aspettando Le Iene Show
publitalia_listino,ITA1,Le Iene speciale FPT,tutti,2026-03-01,-,,Le Iene speciale
publitalia_listino,ITA1,Le Iene Speciale FPT,tutti,2025-11-30,-,,Le Iene Speciale
publitalia_listino,ITA1,Le Iene Speciale saluti,tutti,2025-08-31,-,,Le Iene Speciale
publitalia_listino,ITA1,Aspettando Le Iene Speciale FPT,tutti,2025-05-04,-,,Aspettando Le Iene Speciale
publitalia_listino,ITA1,Aspettando Le Iene speciale FPT,tutti,2026-03-01,-,,Aspettando Le Iene speciale
publitalia_listino,ITA1,Aspettando Le Iene Show FPT,tutti,2025-08-31,-,,Aspettando Le Iene Show
publitalia_listino,ITA1,Le Iene Speciale FPT [primissima],tutti,2025-05-04,-,,Le Iene Speciale
publitalia_listino,ITA1,GOLDEN MINUTE: Golden minute Le Iene Speciale,tutti,2025-08-31,-,,Le Iene Speciale
publitalia_listino,ITA1,INLOGO: Le Iene Speciale,tutti,2025-08-31,-,,Le Iene Speciale
publitalia_listino,ITA1,Le Iene Speciale,tutti,2025-08-31,-,,Le Iene Speciale
publitalia_listino,ITA1,Le Iene speciale FPT [primissima],tutti,2026-03-01,-,,Le Iene speciale
publitalia_listino,ITA1,Aspettando Le Iene Speciale FPT,tutti,2025-11-30,-,,Aspettando Le Iene Speciale
publitalia_listino,ITA1,Le Iene Speciale FPT [primissima],tutti,2025-11-30,-,,Le Iene Speciale
publitalia_listino,ITA1,Aspettando Le Iene Show FPT,tutti,2026-01-04,-,,Aspettando Le Iene Show
publitalia_listino,ITA1,Finale Le Iene Show,tutti,2025-01-05,-,,Finale Le Iene Show
publitalia_listino,ITA1,Aspettando Le Iene Show FPT,tutti,2026-05-03,-,,Aspettando Le Iene Show
publitalia_listino,ITA1,Le Iene Speciale FPT,tutti,2025-08-31,-,,Le Iene Speciale
publitalia_listino,ITA1,Le Iene Speciale Saluti,tutti,2025-05-04,-,,Le Iene Speciale
publitalia_listino,ITA1,Aspettando Le Iene Show FPT,tutti,2025-05-04,-,,Aspettando Le Iene Show
publitalia_listino,ITA1,Le Iene speciale saluti,tutti,2026-03-01,-,,Le Iene speciale
publitalia_listino,ITA1,INLOGO: Le Iene Speciale,tutti,2025-05-04,-,,Le Iene Speciale
publitalia_listino,ITA1,Le Iene Speciale,tutti,2025-05-04,-,,Le Iene Speciale
publitalia_listino,ITA1,Le Iene Speciale saluti,tutti,2025-11-30,-,,Le Iene Speciale
publitalia_listino,ITA1,GOLDEN MINUTE: Golden minute Le Iene speciale,tutti,2026-03-01,-,,Le Iene speciale
publitalia_listino,ITA1,Aspettando Le Iene show FPT,tutti,2026-03-01,-,,Aspettando Le Iene show
publitalia_listino,ITA1,Aspettando Le Iene Speciale FPT,tutti,2025-08-31,-,,Aspettando Le Iene Speciale
publitalia_listino,ITA1,INLOGO: Le Iene speciale,tutti,2026-03-01,-,,Le Iene speciale
publitalia_listino,ITA1,Le Iene speciale,tutti,2026-03-01,-,,Le Iene speciale
publitalia_listino,ITA1,Aspettando Le Iene Show FPT,tutti,2025-11-30,-,,Aspettando Le Iene Show
publitalia_listino,ITA1,Le Iene Speciale FPT [primissima],tutti,2025-08-31,-,,Le Iene Speciale
publitalia_listino,ITA1,INLOGO: Le Iene Speciale,tutti,2025-11-30,-,,Le Iene Speciale
publitalia_listino,ITA1,Le Iene Speciale,tutti,2025-11-30,-,,Le Iene Speciale
publitalia_listino,RETE4,Rete 4 News,tutti,2026-05-03,-,,Rete 4 News
publitalia_listino,RETE4,Premiere,tutti,2026-06-28,-,,Premiere
publitalia_listino,RETE4,Rete 4 News FPT,tutti,2026-06-28,-,,Rete 4 News
publitalia_listino,RETE4,INLOGO: Rete 4 News,tutti,2026-06-28,-,,Rete 4 News
publitalia_listino,RETE4,News 4 FPT,weekend,2025-05-04,-,,News 4
publitalia_listino,RETE4,Seratissima 2,weekend,2025-05-04,-,,Seratissima 2
publitalia_listino,RETE4,News 4 FPT,tutti,2025-06-29,-,,News 4
publitalia_listino,RETE4,Cinema 4 FPT,weekend,2025-06-29,-,,Cinema 4
publitalia_listino,RETE4,News 4 FPT,weekend,2025-06-29,-,,News 4
publitalia_listino,RETE4,Cinema 4 FPT,tutti,2025-08-31,-,,Cinema 4
publitalia_listino,RETE4,Cinema 4 FPT,tutti,2025-11-30,-,,Cinema 4
publitalia_listino,RETE4,Premiere,tutti,2025-03-30,-,,Premiere
publitalia_listino,RETE4,Cinema 4 FPT,tutti,2025-06-29,-,,Cinema 4
publitalia_listino,RETE4,Seratissima 2,weekend,2025-08-31,-,,Seratissima 2
publitalia_listino,RETE4,Seratissima 2,tutti,2026-06-28,-,,Seratissima 2
publitalia_listino,RETE4,Doc 4 FPT,tutti,2024-09-01,-,,Doc 4
publitalia_listino,RETE4,Premiere promozione,tutti,2025-01-05,-,,Premiere
publitalia_listino,RETE4,Premiere,tutti,2025-03-02,-,,Premiere
publitalia_listino,RETE4,Seratissima 2,tutti,2025-05-04,-,,Seratissima 2
publitalia_listino,RETE4,Seratissima 2 promozione,tutti,2026-01-04,-,,Seratissima 2
publitalia_listino,RETE4,Seratissima 2,tutti,2024-12-01,-,,Seratissima 2
publitalia_listino,RETE4,Seratissima 2,weekend,2025-06-29,-,,Seratissima 2
publitalia_listino,RETE4,Premiere,tutti,2025-08-31,-,,Premiere
publitalia_listino,RETE4,Seratissima 2,tutti,2025-08-31,-,,Seratissima 2
publitalia_listino,RETE4,GOLDEN MINUTE: Golden minute Iene Speciale,tutti,2025-11-30,-,,Iene Speciale
publitalia_listino,RETE4,Rete 4 News,tutti,2026-01-04,-,,Rete 4 News
publitalia_listino,RETE4,Cinema 4 FPT,tutti,2026-06-28,-,,Cinema 4
publitalia_listino,RETE4,Seratissima 2,weekend,2024-09-01,-,,Seratissima 2
publitalia_listino,RETE4,Rete 4 News FPT,tutti,2025-01-05,-,,Rete 4 News
publitalia_listino,RETE4,Seratissima 2,tutti,2025-01-05,-,,Seratissima 2
publitalia_listino,RETE4,Seratissima 2,weekend,2025-01-05,-,,Seratissima 2
publitalia_listino,RETE4,Seratissima 2 promozione,tutti,2025-01-05,-,,Seratissima 2
publitalia_listino,RETE4,Premiere,tutti,2025-06-29,-,,Premiere
publitalia_listino,RETE4,Seratissima 2,weekend,2025-11-30,-,,Seratissima 2
publitalia_listino,RETE4,GOLDEN MINUTE: Golden minute Italia 1 Show promozione,tutti,2026-06-28,-,,Italia 1 Show
publitalia_listino,RETE4,Cinema 4 FPT,tutti,2024-12-01,-,,Cinema 4
publitalia_listino,RETE4,Cinema 4 FPT,tutti,2025-05-04,-,,Cinema 4
publitalia_listino,RETE4,News 4 FPT,tutti,2025-11-30,-,,News 4
publitalia_listino,RETE4,GOLDEN MINUTE: Golden minute Produzione C5,tutti,2025-11-30,-,,Produzione C5
publitalia_listino,RETE4,News 4 FPT,tutti,2026-06-28,-,,News 4
publitalia_listino,RETE4,INLOGO: Italia 1 Show,tutti,2026-06-28,-,,Italia 1 Show
publitalia_listino,RETE4,Premiere,tutti,2026-05-03,-,,Premiere
publitalia_listino,RETE4,INLOGO: Produzione musicale I1,tutti,2026-06-28,-,,Produzione musicale I1
publitalia_listino,RETE4,INLOGO: Soap R4,tutti,2026-06-28,-,,Soap R4
publitalia_listino,RETE4,News 4 FPT,tutti,2024-12-01,-,,News 4
publitalia_listino,RETE4,Seratissima 2,weekend,2025-03-02,-,,Seratissima 2
publitalia_listino,RETE4,GOLDEN MINUTE: Golden minute Italia 1 Show,tutti,2026-06-28,-,,Italia 1 Show
publitalia_listino,RETE4,Cinema 4 FPT,tutti,2024-09-01,-,,Cinema 4
publitalia_listino,RETE4,Premiere,tutti,2025-05-04,-,,Premiere
publitalia_listino,RETE4,News 4 FPT,tutti,2025-05-04,-,,News 4
publitalia_listino,RETE4,GOLDEN MINUTE: Golden minute Canale 5 show,tutti,2025-11-30,-,,Canale 5 show
publitalia_listino,RETE4,Doc 4 FPT,tutti,2025-06-29,-,,Doc 4
publitalia_listino,RETE4,Premiere promozione,tutti,2026-01-04,-,,Premiere
publitalia_listino,RETE4,Seratissima 2,tutti,2026-05-03,-,,Seratissima 2
publitalia_listino,RETE4,Premiere,tutti,2025-01-05,-,,Premiere
publitalia_listino,RETE4,Seratissima 2,weekend,2025-03-30,-,,Seratissima 2
publitalia_listino,RETE4,Cinema 4 FPT,weekend,2025-05-04,-,,Cinema 4
publitalia_listino,RETE4,Seratissima 2,tutti,2025-11-30,-,,Seratissima 2
publitalia_listino,RETE4,GOLDEN MINUTE: Golden minute Iene Show,tutti,2025-11-30,-,,Iene Show
publitalia_listino,RETE4,Seratissima 2,tutti,2026-01-04,-,,Seratissima 2
publitalia_listino,RETE4,GOLDEN MINUTE: Golden minute Produzione musicale I1,tutti,2026-06-28,-,,Produzione musicale I1
publitalia_listino,RETE4,News 4 FPT,tutti,2024-09-01,-,,News 4
publitalia_listino,RETE4,Rete 4 News FPT,tutti,2026-01-04,-,,Rete 4 News
publitalia_listino,RETE4,Rete 4 News FPT,tutti,2026-05-03,-,,Rete 4 News
publitalia_listino,RETE4,Rete 4 News,tutti,2026-06-28,-,,Rete 4 News
publitalia_listino,RETE4,Premiere,tutti,2026-03-01,-,,Premiere
publitalia_listino,RETE4,Serie 4 Top FPT,tutti,2024-09-01,-,,Serie 4 Top
publitalia_listino,RETE4,Seratissima 2,tutti,2024-09-01,-,,Seratissima 2
publitalia_listino,RETE4,Seratissima 2,tutti,2025-06-29,-,,Seratissima 2
publitalia_listino,RETE4,Seratissima 2 estate,tutti,2025-06-29,-,,Seratissima 2 estate
publitalia_listino,RETE4,Premiere,tutti,2026-01-04,-,,Premiere
publitalia_listino,RETE4,Soap R4,tutti,2026-06-28,-,,Soap R4
publitalia_listino,RETE4,INLOGO: Chicago,tutti,2026-06-28,-,,Chicago
publitalia_listino,RETE4,INLOGO: Italia 1 Show promozione,tutti,2026-06-28,-,,Italia 1 Show
publitalia_listino,RETE4,Seratissima 2,weekend,2024-12-01,-,,Seratissima 2
publitalia_listino,RETE4,Rete 4 News,tutti,2025-01-05,-,,Rete 4 News
publitalia_listino,RETE4,Serie 4 Top FPT,tutti,2025-06-29,-,,Serie 4 Top
publitalia_listino,RETE4,Seratissima 2,tutti,2026-03-01,-,,Seratissima 2
publitalia_listino,RETE4,Premiere,tutti,2024-09-01,-,,Premiere
publitalia_listino,RETE4,Premiere,tutti,2024-12-01,-,,Premiere
publitalia_listino,RETE4,Seratissima estate FPT,tutti,2025-06-29,-,,Seratissima estate
publitalia_listino,RETE4,Soap R4 FPT,tutti,2026-06-28,-,,Soap R4
publitalia_listino,RETE4,News 4 FPT,tutti,2025-08-31,-,,News 4
publitalia_listino,RETE4,Premiere,tutti,2025-11-30,-,,Premiere
rai_listino,RAI1,R1 Tg1 Mattina,tutti,2026-03-29,07:55,0111111,TG1
rai_listino,RAI1,R1 A.M. Domenica,tutti,2026-05-31,08:55,1000000,Uno mattina estate/Check Up
rai_listino,RAI1,R1 P.M. Sabato Start,tutti,2026-05-31,14:00,0000001,Linea Blu - Porti d'Italia
rai_listino,RAI1,R1 P.M. A,tutti,2026-03-29,16:10,0111110,TG1 + meteo/La vita in diretta
rai_listino,RAI1,R1 P.M. B,tutti,2026-05-31,16:10,0111110,Fiction DT®/La vita in diretta estate
rai_listino,RAI1,R1 Tg1 20.00,tutti,2026-05-31,19:50,1111111,Reazione a catena/L'eredità
rai_listino,RAI1,R1 Tg1 20 Plus Mond (1),tutti,2026-05-31,20:30,1111110,Calcio Mondiali 2026
rai_listino,RAI1,R1 Fin.Lotteria Start,tutti,2026-01-04,20:40,0010000,Lotteria Italia finale
rai_listino,RAI1,R1 Don Matteo Start,tutti,2026-01-04,21:30,0000100,Don Matteo
rai_listino,RAI1,R1 Fiction Top Start,tutti,2026-01-12,21:30,0111000,Invisibile
rai_listino,RAI1,R1 Fiction Start,tutti,2025-12-28,21:30,1111000,Morbo K/Se fossi te/Una famiglia imperfetta
rai_listino,RAI1,R1 Fiction Start,tutti,2026-02-01,21:30,1110000,Cuori/Gloria/Prima di noi/Rosso volante
rai_listino,RAI1,R1 Fiction Top Start,tutti,2026-03-29,21:30,0100000,Avvocato Guerrieri
rai_listino,RAI1,R1 David Start,tutti,2026-05-03,21:30,0000001,David di Donatello 2026
rai_listino,RAI1,R1 Fiction Start,tutti,2026-07-21,21:30,0110000,Seriale
rai_listino,RAI1,R1 Show Time,tutti,2026-03-29,21:40,0000011,Dalla strada al palco (R1)/intrattenimento pt r1
rai_listino,RAI1,R1 Summer Hits Rim,tutti,2026-08-02,21:40,0000010,Summer Hits - Best of
rai_listino,RAI1,R1 Prime Time,tutti,2025-12-21,21:55,1111010,FILM PT R1/TV MOVIE/Telethon/Ogni promessa e' debito
rai_listino,RAI1,R1 Prime Time,tutti,2026-02-01,21:55,1011011,FILM PT R1/Speciale L'Eredita'/Battiato - Il lungo viaggio
rai_listino,RAI1,R1 Summer Hits B Rim,tutti,2026-08-02,23:20,0000010,Summer Hits - Best of
rai_listino,RAI1,R1 Second Pt Sabato,tutti,2025-12-21,24:00,1000000,Programma seconda serata R1
rai_listino,RAI1,R1 Second Prime Time,tutti,2026-02-01,24:00,0110001,SPECIALE TG1/TV7/XXI Secolo
rai_listino,RAI1,R1 Second Pt Sabato,tutti,2026-05-31,24:00,0000001,Programma seconda serata R1
rai_listino,RAI1,R1 Early Night B,tutti,2025-12-21,25:30,1011111,Programmazione notturna/Sottovoce/L'Anno che verra
rai_listino,RAI1,R1 Early Night B,tutti,2026-02-01,25:30,1011111,Programmazione notturna/Sottovoce
rai_listino,RAI2,R2 Fiorello,tutti,2026-05-31,07:05,0111110,La Pennicanza
rai_listino,RAI2,R2 A.M. We,tutti,2026-05-31,10:00,1000001,TG SPORT GIORNO/Ciclismo Maratona delle Dolomiti
rai_listino,RAI2,R2 P.M. A,tutti,2025-12-21,14:00,0111110,FILM/TV MOVIE/Ore 14
rai_listino,RAI2,R2 P.M. A,tutti,2026-02-01,14:00,0111110,Ore 14
rai_listino,RAI2,R2 P.M. A,tutti,2026-03-29,14:00,0111110,Ore 14/FILM/TV MOVIE/TELEFILM
rai_listino,RAI2,R2 P.M. A,tutti,2026-05-31,14:00,0111110,FILM/TV MOVIE/TELEFILM
rai_listino,RAI2,R2 P.M. B,tutti,2026-05-31,15:00,0111110,Aspettando Bella Ma'/FILM/TV MOVIE/TELEFILM/Seriale/Rugby Serie A
rai_listino,RAI2,R2 Seriale,tutti,2025-12-21,21:20,1000011,SERIALE
rai_listino,RAI2,R2 Prime Time,tutti,2026-02-01,21:20,1001111,FILM R2/TV MOVIE /Approfondimento/Ore 14 Sera/Documentario R2
rai_listino,RAI2,R2 Prime Time Pr,tutti,2026-02-01,21:20,0011111,FILM R2/TV MOVIE
rai_listino,RAI2,R2 Prime Time,tutti,2026-03-29,21:20,1001110,Ore 14 SeraFILM pt R2
rai_listino,RAI2,R2 Seriale,tutti,2026-03-29,21:20,0000011,SERIALE
rai_listino,RAI2,R2 Fiction Start,tutti,2026-04-22,21:20,0001000,Fiction Estranei
rai_listino,RAI2,R2 Tutto è possibile start,tutti,2026-03-29,21:20,0100000,Stasera tutto e' possibile
rai_listino,RAI2,R2 Mare Fuori Start,tutti,2026-03-29,21:20,0001000,Fct Mare Fuori
rai_listino,RAI2,R2 Film,tutti,2026-06-09,21:20,1011101,TVM Nel segno del giallo/Film pt
rai_listino,RAI2,R2 Belve Crime Start,tutti,2026-05-19,21:25,0010000,Belve crime
rai_listino,RAI2,R2 Mare Fuori,tutti,2026-03-13,22:30,0000010,Fct Mare Fuori
rai_listino,RAI2,R2 Prime Time B,tutti,2026-05-31,23:00,1111111,Fiction®/Ore 14 Sera/Solo per amore/Stasera a letto tardi/Documentario/Seriale/Formidabile Discoring
rai_listino,RAI2,R2 Early Night,tutti,2025-12-21,25:00,1111111,PROGR. SECONDA SERA/PRG NON DEFINITO
rai_listino,RAI2,R2 Early Night,tutti,2026-02-01,25:00,1111111,PROGR. SECONDA SERA
rai_listino,RAI2,R2 Early Night,tutti,2026-05-31,25:00,1111111,PROGR. SECONDA SERA
rai_listino,RAI3,R3 Mezzogiorno,tutti,2026-05-31,11:00,1111111,TGR Rubriche/TG3 RUBRICHE/Quante storie/Film/Seriale
rai_listino,RAI3,R3 Mezzogiorno,tutti,2026-03-29,11:05,1111111,TGR Rubriche/TG3 RUBRICHE/Quante storie
rai_listino,RAI3,R3 Tg3 P.M.,tutti,2026-03-29,14:10,1111111,TGR RUBRICHE
rai_listino,RAI3,R3 Tg3 P.M.,tutti,2026-05-31,14:10,1111111,TGR RUBRICHE
rai_listino,RAI3,R3 P.M. Sab Start,tutti,2026-05-31,14:55,0000001,Approfondimento/Film/Seriale
rai_listino,RAI3,R3 P.M. Domenica,tutti,2026-05-31,15:00,1000000,Film/Seriale/Approfondimento/Cultura ed Educational
rai_listino,RAI3,R3 P.M.,tutti,2025-12-21,15:20,0111110,Film/Seriale/Rubriche Culturali e Documentari/LA BIBLIOTECA DEI SENTIMENTI
rai_listino,RAI3,R3 P.M.,tutti,2026-02-01,15:20,0111110,Rubriche Culturali e Documentari/Seriale/LA BIBLIOTECA DEI SENTIMENTI
rai_listino,RAI3,R3 P.M. Conc. 1 Maggio,tutti,2026-03-29,15:25,0000010,CONCERTO 1 MAGGIO
rai_listino,RAI3,R3 Fiction Access,tutti,2026-08-02,20:45,0111110,L'appartamento sold out
rai_listino,RAI3,R3 Attualita',tutti,2026-05-31,21:25,0100000,Lo stato delle cose
rai_listino,RAI3,R3 Splendida Cornice,tutti,2026-03-29,22:05,0000100,Una splendida cornice
rai_listino,RAI3,R3 Second Prime Time,tutti,2025-12-21,24:25,0100000,PRG NON DEFINITO
rai_listino,RAI3,R3 Second Prime Time,tutti,2026-02-01,24:25,0100000,IN 1/2 Ora
rai_listino,RAI3,R3 Early Night,tutti,2026-05-31,25:00,1111111,PRG NON DEFINITO
rai_listino,RAI3,R3 Early Night,tutti,2026-02-01,25:10,1111111,PRG NON DEFINITO
